id,tenant_id,name,description,sku,base_price,created_at,created_by
f486d336-d2ff-4252-a6e3-7df27f2913ba,6e2684b5-dd18-4549-8440-7276b577d2b5,Security Audit v1.8,Premium workflow automation for enterprise teams,SKU-3401,7839.01,2025-10-16T17:56:32.823556,d53e375b-e751-4c1c-9dd2-2c198336f144
ff363477-13d0-4185-8eb7-646ff362e2f7,6e2684b5-dd18-4549-8440-7276b577d2b5,Performance Optimization v2.1,Premium performance optimization for enterprise teams,SKU-9678,186.24,2025-08-10T18:47:05.823581,eb9f903e-4cd4-462b-9c0c-0720da83cfc0
3dce94c7-2c11-419e-bc81-b9a491824811,6e2684b5-dd18-4549-8440-7276b577d2b5,Lead Scoring Engine v4.3,Premium data migration service for enterprise teams,SKU-6108,8979.68,2026-06-22T08:10:59.823601,13f891f6-02c5-48a2-bb4f-65f664be06a0
0e6c0b04-f9da-4558-93ac-224e88cd6f31,6e2684b5-dd18-4549-8440-7276b577d2b5,Advanced Reporting v2.8,Premium email marketing suite for enterprise teams,SKU-6623,2822.8,2025-09-05T01:51:03.823629,7223e10a-b124-4a7f-a342-f0f59020ba2f
a6630b22-85c6-46a3-9706-df9b4a9f73d6,6e2684b5-dd18-4549-8440-7276b577d2b5,Analytics Dashboard v3.1,Premium crm pro license for enterprise teams,SKU-1534,4515.45,2026-03-30T21:59:33.823648,58f39eeb-75cb-4ef4-96ba-4a30c22a7a1e
b84d4293-413d-49c4-9765-c02d316dd3d3,6e2684b5-dd18-4549-8440-7276b577d2b5,Training Package v4.5,Premium pipeline analytics for enterprise teams,SKU-3014,5826.74,2025-09-13T20:53:43.823667,876017f1-7629-48e0-9ce9-20b44276c7d6
d63ea863-beaf-432a-85a7-790d7ac5b7ad,6e2684b5-dd18-4549-8440-7276b577d2b5,Analytics Dashboard v3.3,Premium white label solution for enterprise teams,SKU-1999,9932.23,2026-04-16T12:30:08.823689,eb9f903e-4cd4-462b-9c0c-0720da83cfc0
c35017ef-8313-4b2f-ba14-cff9ec463ea9,6e2684b5-dd18-4549-8440-7276b577d2b5,API Access Premium v5.7,Premium mobile app license for enterprise teams,SKU-7250,4664.36,2026-08-01T16:40:36.823712,63c904bb-37e1-42e9-b828-03d273915302
e568bbf1-a92a-4efb-9fc9-085b3df2efd9,6e2684b5-dd18-4549-8440-7276b577d2b5,Pipeline Analytics v1.5,Premium storage upgrade for enterprise teams,SKU-3084,4078.2,2026-07-30T14:48:43.823735,eb9f903e-4cd4-462b-9c0c-0720da83cfc0
81b68fa7-3c28-4b3d-8b1e-b4525e404ae1,6e2684b5-dd18-4549-8440-7276b577d2b5,Analytics Dashboard v3.8,Premium custom integration for enterprise teams,SKU-6839,9765.62,2025-12-12T13:04:00.823818,71030eb2-1621-4863-8e2d-b6184abb7f32
3a00885f-06dd-4c33-b51b-f2954f8e2fd7,6e2684b5-dd18-4549-8440-7276b577d2b5,Custom Integration v4.9,Premium custom integration for enterprise teams,SKU-6150,5412.74,2026-02-08T01:47:31.823855,71030eb2-1621-4863-8e2d-b6184abb7f32
0d74a237-3052-4e83-8fe6-778f1ac66df0,6e2684b5-dd18-4549-8440-7276b577d2b5,Performance Optimization v4.4,Premium advanced reporting for enterprise teams,SKU-7617,7334.42,2026-03-11T16:22:40.823874,f26bd177-029d-4863-993c-dfebe5004897
8aac470f-5b68-4ce7-be57-d10fcd76b211,6e2684b5-dd18-4549-8440-7276b577d2b5,White Label Solution v4.1,Premium workflow automation for enterprise teams,SKU-7310,9630.2,2025-11-05T00:33:55.823891,1f599b2d-4c19-4c7e-91e2-f8655b60b03d
6a5bdd9b-b4e9-4921-a0ae-fd5d51c7bba8,6e2684b5-dd18-4549-8440-7276b577d2b5,Priority Support v2.0,Premium advanced reporting for enterprise teams,SKU-4481,2642.63,2026-06-20T11:34:08.823909,1f599b2d-4c19-4c7e-91e2-f8655b60b03d
c88ebb1f-57a3-4904-91ef-0015b2ebe8a0,6e2684b5-dd18-4549-8440-7276b577d2b5,Consulting Hours v5.8,Premium data migration service for enterprise teams,SKU-6861,5939.81,2026-02-08T11:51:45.823926,eb9f903e-4cd4-462b-9c0c-0720da83cfc0
980a196c-d20f-48af-94d9-04df44adbd31,6e2684b5-dd18-4549-8440-7276b577d2b5,Performance Optimization v2.1,Premium data migration service for enterprise teams,SKU-7031,7206.22,2026-04-13T04:10:26.823943,876017f1-7629-48e0-9ce9-20b44276c7d6
5929eef3-a7cd-4c31-b0df-a0e793047b59,6e2684b5-dd18-4549-8440-7276b577d2b5,AI Assistant v5.3,Premium data migration service for enterprise teams,SKU-9553,868.13,2026-07-15T11:18:21.823960,d53e375b-e751-4c1c-9dd2-2c198336f144
8a4169ac-973f-4a2c-85d2-c083a13027cc,6e2684b5-dd18-4549-8440-7276b577d2b5,Lead Scoring Engine v5.3,Premium advanced reporting for enterprise teams,SKU-4849,9499.15,2025-11-18T13:51:23.823990,8b51f21b-0da9-4139-8f04-0ef4187ce705
b1c0d9d4-3d23-4b4e-9edc-7e9c7a35fd1a,6e2684b5-dd18-4549-8440-7276b577d2b5,Mobile App License v2.4,Premium lead scoring engine for enterprise teams,SKU-9664,5311.51,2026-04-18T15:22:24.824013,8e8f6232-b5f8-466d-98c1-6a9d8090c3eb
9b6aedf6-8e28-41af-b4da-e8e874b1429d,6e2684b5-dd18-4549-8440-7276b577d2b5,API Access Premium v3.1,Premium multi-tenant license for enterprise teams,SKU-6631,1765.98,2025-10-16T06:29:44.824031,9d990953-1d48-4691-9104-88f3d84dc63c
51443ac8-ab70-457c-abe0-c1c57958df70,6e2684b5-dd18-4549-8440-7276b577d2b5,Mobile App License v5.4,Premium performance optimization for enterprise teams,SKU-8951,993.2,2026-02-11T13:51:43.824048,13f891f6-02c5-48a2-bb4f-65f664be06a0
88674084-6e08-4780-8e33-7d5ab9d44e7e,6e2684b5-dd18-4549-8440-7276b577d2b5,Data Migration Service v1.6,Premium lead scoring engine for enterprise teams,SKU-8060,3668.13,2026-03-21T00:25:56.824065,13f891f6-02c5-48a2-bb4f-65f664be06a0
a1347f9c-4e96-4994-92b7-e8c44f008bde,6e2684b5-dd18-4549-8440-7276b577d2b5,API Access Premium v3.5,Premium pipeline analytics for enterprise teams,SKU-6383,9787.4,2026-06-02T23:30:38.824082,7675c849-0f1f-4fa3-923c-f392ea4a2f35
0ffe0c24-f9ce-4260-848e-d1d60a0057c2,6e2684b5-dd18-4549-8440-7276b577d2b5,Training Package v5.3,Premium storage upgrade for enterprise teams,SKU-9187,6214.97,2026-04-22T00:57:41.824099,d53e375b-e751-4c1c-9dd2-2c198336f144
97b38889-6aae-421b-b563-2c976fc039d5,6e2684b5-dd18-4549-8440-7276b577d2b5,Training Package v5.2,Premium white label solution for enterprise teams,SKU-8263,4905.76,2026-05-14T06:39:00.824115,eb9f903e-4cd4-462b-9c0c-0720da83cfc0
b6b651ab-005c-42ac-b711-ba01c92372d7,6e2684b5-dd18-4549-8440-7276b577d2b5,Analytics Dashboard v2.7,Premium advanced reporting for enterprise teams,SKU-3007,5406.79,2026-07-07T19:37:25.824132,8b51f21b-0da9-4139-8f04-0ef4187ce705
d9e214bf-6045-4554-9e22-6a87f08df226,6e2684b5-dd18-4549-8440-7276b577d2b5,Priority Support v1.9,Premium workflow automation for enterprise teams,SKU-8427,866.11,2026-07-15T05:55:21.824153,9d990953-1d48-4691-9104-88f3d84dc63c
a6dbca39-95c7-4026-b6f9-e3f4666b61f3,6e2684b5-dd18-4549-8440-7276b577d2b5,Mobile App License v3.2,Premium priority support for enterprise teams,SKU-4179,4976.38,2026-08-04T08:14:25.824170,7223e10a-b124-4a7f-a342-f0f59020ba2f
8bdfa723-d934-4add-b197-d1c8dd4b6b3e,6e2684b5-dd18-4549-8440-7276b577d2b5,Training Package v1.1,Premium advanced reporting for enterprise teams,SKU-8439,4225.62,2026-03-19T13:14:00.824190,13f891f6-02c5-48a2-bb4f-65f664be06a0
c9d39fca-eb74-4e24-800e-384d2f8ae9bb,6e2684b5-dd18-4549-8440-7276b577d2b5,White Label Solution v2.3,Premium crm pro license for enterprise teams,SKU-3585,7975.55,2026-01-18T13:15:21.824207,13f891f6-02c5-48a2-bb4f-65f664be06a0
ddcaf203-6943-43a9-b66f-d924a9a8a4e4,6e2684b5-dd18-4549-8440-7276b577d2b5,CRM Pro License v3.7,Premium lead scoring engine for enterprise teams,SKU-4913,2706.83,2025-12-08T18:20:51.824224,8e8f6232-b5f8-466d-98c1-6a9d8090c3eb
4fad4135-64b7-43e3-8bb5-957e259ead8a,6e2684b5-dd18-4549-8440-7276b577d2b5,Custom Integration v3.2,Premium white label solution for enterprise teams,SKU-4735,923.37,2026-03-24T15:14:50.824241,8e8f6232-b5f8-466d-98c1-6a9d8090c3eb
e05b22c5-575c-4afa-86b5-185f8dd36406,6e2684b5-dd18-4549-8440-7276b577d2b5,CRM Pro License v1.9,Premium email marketing suite for enterprise teams,SKU-1313,7880.57,2026-07-10T14:59:19.824257,71030eb2-1621-4863-8e2d-b6184abb7f32
0f306bce-7c5b-4911-b099-da7de01489a9,6e2684b5-dd18-4549-8440-7276b577d2b5,Advanced Reporting v5.9,Premium performance optimization for enterprise teams,SKU-1788,6446.8,2026-03-28T02:39:48.824274,8b51f21b-0da9-4139-8f04-0ef4187ce705
99a22f3d-0beb-4930-b6be-e318c8ab4815,6e2684b5-dd18-4549-8440-7276b577d2b5,Storage Upgrade v3.2,Premium priority support for enterprise teams,SKU-1098,9129.48,2025-09-02T14:39:49.824291,f26bd177-029d-4863-993c-dfebe5004897
b71fd9aa-6c7f-4705-9d27-a8a730e9737f,6e2684b5-dd18-4549-8440-7276b577d2b5,CRM Pro License v4.5,Premium ai assistant for enterprise teams,SKU-1666,6775.39,2025-12-18T01:04:08.824307,1f599b2d-4c19-4c7e-91e2-f8655b60b03d
213aaf9b-4187-425b-860e-50922a51bba9,6e2684b5-dd18-4549-8440-7276b577d2b5,API Access Premium v1.3,Premium custom integration for enterprise teams,SKU-2163,928.44,2026-01-09T11:31:28.824324,8e8f6232-b5f8-466d-98c1-6a9d8090c3eb
7e7d9656-5040-4656-b585-be18f4b487ca,6e2684b5-dd18-4549-8440-7276b577d2b5,CRM Pro License v1.7,Premium storage upgrade for enterprise teams,SKU-3011,8713.67,2026-01-07T04:21:48.824340,8b51f21b-0da9-4139-8f04-0ef4187ce705
d9295a73-d6d2-41ae-8bf5-82aa2f42b4df,6e2684b5-dd18-4549-8440-7276b577d2b5,Advanced Reporting v2.5,Premium workflow automation for enterprise teams,SKU-5723,2216.2,2026-04-17T05:54:26.824357,7675c849-0f1f-4fa3-923c-f392ea4a2f35
0bff965e-5e8d-4932-8b5d-f96e28e6e78c,6e2684b5-dd18-4549-8440-7276b577d2b5,Workflow Automation v4.3,Premium multi-tenant license for enterprise teams,SKU-1252,9510.53,2026-07-29T10:35:29.824373,f26bd177-029d-4863-993c-dfebe5004897
21aee7f8-d43a-4747-aecd-e2569ec4564f,6e2684b5-dd18-4549-8440-7276b577d2b5,Advanced Reporting v4.4,Premium multi-tenant license for enterprise teams,SKU-4458,5815.14,2026-04-09T10:23:32.824394,63c904bb-37e1-42e9-b828-03d273915302
f04ff2ee-4f95-4bae-9b55-46db8dbd76d4,6e2684b5-dd18-4549-8440-7276b577d2b5,Analytics Dashboard v1.0,Premium performance optimization for enterprise teams,SKU-5813,569.77,2026-05-15T22:54:13.824419,d53e375b-e751-4c1c-9dd2-2c198336f144
289e0efa-a6aa-480e-8dd9-4c73ebbfd92a,6e2684b5-dd18-4549-8440-7276b577d2b5,Performance Optimization v5.6,Premium data migration service for enterprise teams,SKU-8325,7323.68,2026-08-04T06:51:55.824436,71030eb2-1621-4863-8e2d-b6184abb7f32
af3b2ae8-1f54-49cb-999a-543b78f832d5,6e2684b5-dd18-4549-8440-7276b577d2b5,Consulting Hours v3.1,Premium analytics dashboard for enterprise teams,SKU-5613,9483.04,2026-04-12T03:43:11.824453,1f599b2d-4c19-4c7e-91e2-f8655b60b03d
0a375713-3372-4ffc-ab11-d7a5c70ea335,6e2684b5-dd18-4549-8440-7276b577d2b5,Advanced Reporting v1.9,Premium crm pro license for enterprise teams,SKU-6776,9300.91,2026-06-07T14:45:37.824469,7675c849-0f1f-4fa3-923c-f392ea4a2f35
68beef98-7bbd-4006-8f23-9a9f0ab6ae9c,6e2684b5-dd18-4549-8440-7276b577d2b5,Multi-tenant License v5.3,Premium data migration service for enterprise teams,SKU-9910,3376.22,2026-01-24T16:54:28.824490,63c904bb-37e1-42e9-b828-03d273915302
624632dc-c1df-482f-a01f-d6014da8864d,6e2684b5-dd18-4549-8440-7276b577d2b5,Storage Upgrade v1.2,Premium pipeline analytics for enterprise teams,SKU-2108,1699.27,2025-10-27T04:49:43.824507,876017f1-7629-48e0-9ce9-20b44276c7d6
1990d4ac-bce4-4762-ad8b-6f8b9ad5b72b,6e2684b5-dd18-4549-8440-7276b577d2b5,API Access Premium v1.8,Premium mobile app license for enterprise teams,SKU-1590,4190.99,2026-07-21T12:50:53.824524,1f599b2d-4c19-4c7e-91e2-f8655b60b03d
99521df5-5b1f-42f2-a159-230b2c977c28,6e2684b5-dd18-4549-8440-7276b577d2b5,CRM Pro License v3.1,Premium api access premium for enterprise teams,SKU-9765,3978.16,2026-01-22T22:17:05.824544,7675c849-0f1f-4fa3-923c-f392ea4a2f35
7dec0b01-5c3f-4ec3-9973-b5309c3b83ea,6e2684b5-dd18-4549-8440-7276b577d2b5,Mobile App License v5.7,Premium lead scoring engine for enterprise teams,SKU-6586,6978.49,2025-09-05T15:23:36.824561,1f599b2d-4c19-4c7e-91e2-f8655b60b03d
5bba8394-06fe-4e49-bd82-44b3be217c6e,7319bb38-0e1a-42a0-a1a3-c170af371232,White Label Solution v3.1,Premium storage upgrade for enterprise teams,SKU-8768,661.46,2026-08-05T06:19:15.824593,a3b11eec-7159-4649-ad03-75eeb3c9b04f
0730951d-dfe1-4734-810c-752c6e422e0c,7319bb38-0e1a-42a0-a1a3-c170af371232,Performance Optimization v5.9,Premium priority support for enterprise teams,SKU-3927,6739.38,2025-11-17T17:46:43.824610,96bb061b-9355-4d14-bab8-c5b59a63ac2a
0eb50d4f-4fe9-488d-9e82-a363055db4d9,7319bb38-0e1a-42a0-a1a3-c170af371232,Consulting Hours v3.1,Premium analytics dashboard for enterprise teams,SKU-5454,9366.93,2026-02-17T20:43:53.824627,aabd8828-4992-4138-a82c-82d2ace3e408
7fe31f05-bfe8-4ef3-9398-e9150f8b7211,7319bb38-0e1a-42a0-a1a3-c170af371232,Lead Scoring Engine v4.1,Premium workflow automation for enterprise teams,SKU-7678,8418.22,2026-07-10T06:50:38.824644,eaf0989b-5b56-4b72-9a32-2711e9c394ff
5e8d9631-3ae0-44a1-a07b-9f421b02cffa,7319bb38-0e1a-42a0-a1a3-c170af371232,Training Package v2.2,Premium multi-tenant license for enterprise teams,SKU-5931,4483.57,2026-07-14T01:08:03.824665,f6c1513d-8b13-441d-98bb-1a986c21400d
15a2ab57-ecdb-47c8-b588-7ceac7f29376,7319bb38-0e1a-42a0-a1a3-c170af371232,AI Assistant v1.4,Premium advanced reporting for enterprise teams,SKU-7109,8421.59,2026-06-22T21:18:17.824682,a3b11eec-7159-4649-ad03-75eeb3c9b04f
adcbdd26-09b2-4e4e-af17-377ceb516fdc,7319bb38-0e1a-42a0-a1a3-c170af371232,AI Assistant v2.9,Premium workflow automation for enterprise teams,SKU-9821,7993.11,2026-05-14T08:31:10.824703,638bfc6a-5a8b-4bf8-9f66-0c0d0744f19a
ed1cbc60-5f71-4f72-8fe0-48d7a0f87e44,7319bb38-0e1a-42a0-a1a3-c170af371232,Multi-tenant License v5.0,Premium storage upgrade for enterprise teams,SKU-7869,5480.92,2025-08-30T22:57:13.824719,af8e7df9-9ce7-4499-ab19-610e813af04b
954d615a-a37a-4d49-8c0f-aadef573d13a,7319bb38-0e1a-42a0-a1a3-c170af371232,Mobile App License v4.4,Premium custom integration for enterprise teams,SKU-8341,4877.67,2026-02-06T01:58:59.824736,aabd8828-4992-4138-a82c-82d2ace3e408
204368b5-77bb-41ab-ae31-fc044a8b91e2,7319bb38-0e1a-42a0-a1a3-c170af371232,White Label Solution v2.6,Premium pipeline analytics for enterprise teams,SKU-9743,8695.65,2026-03-31T16:28:34.824752,f6c1513d-8b13-441d-98bb-1a986c21400d
549b1905-8117-4213-8fe9-045a32ac5df1,7319bb38-0e1a-42a0-a1a3-c170af371232,Priority Support v4.9,Premium analytics dashboard for enterprise teams,SKU-7264,5214.28,2026-04-21T01:08:38.824769,8ae3dae5-38cd-4160-84ef-5c590af0066c
a2b70667-bef7-4083-b3cc-6e8473cb9964,7319bb38-0e1a-42a0-a1a3-c170af371232,Email Marketing Suite v3.0,Premium multi-tenant license for enterprise teams,SKU-9508,6109.71,2025-08-27T12:35:08.824786,638bfc6a-5a8b-4bf8-9f66-0c0d0744f19a
b14c65b4-b911-4bc9-b6ac-1119108bccd1,7319bb38-0e1a-42a0-a1a3-c170af371232,White Label Solution v2.9,Premium training package for enterprise teams,SKU-8918,6726.86,2025-10-08T04:31:49.824802,af8e7df9-9ce7-4499-ab19-610e813af04b
6bdee43c-3e1b-4735-b28b-0b86735e17c9,7319bb38-0e1a-42a0-a1a3-c170af371232,CRM Pro License v4.0,Premium email marketing suite for enterprise teams,SKU-4446,7980.48,2026-06-27T01:17:37.824818,0d1a00d8-532c-48b5-a0d5-e8f37068b7e8
7f580daf-035f-4b29-b1e7-c82384a3e700,7319bb38-0e1a-42a0-a1a3-c170af371232,Custom Integration v5.4,Premium pipeline analytics for enterprise teams,SKU-9006,6899.35,2025-10-13T00:04:06.824835,ba4c6a8d-6e78-4532-82ad-fccefbf8ab96
26721268-554d-4384-be87-15be66a164b9,7319bb38-0e1a-42a0-a1a3-c170af371232,Email Marketing Suite v1.3,Premium storage upgrade for enterprise teams,SKU-5061,6631.86,2026-05-28T09:11:36.824857,af8e7df9-9ce7-4499-ab19-610e813af04b
4f0a85c6-c32c-439f-9790-bb30bb09bb0c,7319bb38-0e1a-42a0-a1a3-c170af371232,Lead Scoring Engine v5.9,Premium training package for enterprise teams,SKU-2786,6582.19,2026-05-16T10:53:19.824873,af8ae744-eaf6-49a6-9c7f-4f4aa9e503ee
795e2748-2c5e-47df-bb14-bba4bcb31abc,7319bb38-0e1a-42a0-a1a3-c170af371232,AI Assistant v5.2,Premium pipeline analytics for enterprise teams,SKU-8952,2963.05,2025-08-21T20:41:05.824889,96bb061b-9355-4d14-bab8-c5b59a63ac2a
ee82b2c6-c5e7-4b29-bb5d-6d84e04d5184,7319bb38-0e1a-42a0-a1a3-c170af371232,Data Migration Service v5.0,Premium lead scoring engine for enterprise teams,SKU-7190,1044.99,2025-11-23T15:33:44.824905,f6c1513d-8b13-441d-98bb-1a986c21400d
a3664a10-0187-4e6d-90f9-dc848762db3c,7319bb38-0e1a-42a0-a1a3-c170af371232,Workflow Automation v4.8,Premium consulting hours for enterprise teams,SKU-9461,3971.66,2025-10-14T02:36:09.824921,8ae3dae5-38cd-4160-84ef-5c590af0066c
d7c9c661-da89-4fff-a7b9-1ca44f2a0278,7319bb38-0e1a-42a0-a1a3-c170af371232,Security Audit v5.7,Premium email marketing suite for enterprise teams,SKU-6403,2975.0,2026-05-23T08:29:40.824938,aabd8828-4992-4138-a82c-82d2ace3e408
191a17f7-0b92-480a-bd69-63c3572294a6,7319bb38-0e1a-42a0-a1a3-c170af371232,CRM Pro License v5.2,Premium lead scoring engine for enterprise teams,SKU-9621,7027.91,2026-01-28T07:15:41.824954,af8ae744-eaf6-49a6-9c7f-4f4aa9e503ee
1c39da93-5e7f-41b5-bb70-968ac31f155e,7319bb38-0e1a-42a0-a1a3-c170af371232,Performance Optimization v2.2,Premium workflow automation for enterprise teams,SKU-8750,7409.97,2026-03-06T04:22:27.824974,f6c1513d-8b13-441d-98bb-1a986c21400d
b8efb20d-880b-40f5-88be-944036a05e50,7319bb38-0e1a-42a0-a1a3-c170af371232,AI Assistant v4.3,Premium white label solution for enterprise teams,SKU-4852,2209.3,2026-07-24T12:14:49.824991,a3b11eec-7159-4649-ad03-75eeb3c9b04f
ac614d1c-005e-4176-9e37-9cd2c14c8574,7319bb38-0e1a-42a0-a1a3-c170af371232,Training Package v1.8,Premium consulting hours for enterprise teams,SKU-1063,743.29,2025-12-21T13:14:26.825007,ba4c6a8d-6e78-4532-82ad-fccefbf8ab96
85367d15-cae7-4fce-ad84-48d5b9c49a11,7319bb38-0e1a-42a0-a1a3-c170af371232,Lead Scoring Engine v4.3,Premium performance optimization for enterprise teams,SKU-1946,7762.52,2026-01-22T13:39:08.825026,968afaab-9fc3-43d8-aea9-de1b0845fb8c
0e1a61c1-9fc8-44f9-a335-ff9e9b83f2c0,7319bb38-0e1a-42a0-a1a3-c170af371232,Custom Integration v3.6,Premium white label solution for enterprise teams,SKU-1294,9575.97,2025-09-18T23:34:22.825043,96bb061b-9355-4d14-bab8-c5b59a63ac2a
bc930559-ba4f-4e4f-b09f-984873d20c94,7319bb38-0e1a-42a0-a1a3-c170af371232,Pipeline Analytics v1.0,Premium email marketing suite for enterprise teams,SKU-3368,3813.45,2025-12-05T23:31:49.825062,af8ae744-eaf6-49a6-9c7f-4f4aa9e503ee
c67fb81f-03d9-4710-aab1-a57ddb7c6ea1,7319bb38-0e1a-42a0-a1a3-c170af371232,Performance Optimization v3.5,Premium priority support for enterprise teams,SKU-9194,3638.74,2026-04-13T14:35:52.825078,38b1938d-3cd4-479f-8f9c-d5fc4c1dd8fd
2284f1df-c075-4ed7-bbc6-c52d5be9b14e,7319bb38-0e1a-42a0-a1a3-c170af371232,Data Migration Service v2.5,Premium security audit for enterprise teams,SKU-3146,7820.7,2025-10-01T18:26:45.825101,ba4c6a8d-6e78-4532-82ad-fccefbf8ab96
14ff9359-9807-44e3-bf76-d0b664954ad7,7319bb38-0e1a-42a0-a1a3-c170af371232,Storage Upgrade v5.6,Premium multi-tenant license for enterprise teams,SKU-9695,5504.37,2026-04-17T12:41:36.825118,f6c1513d-8b13-441d-98bb-1a986c21400d
995af389-c06a-45c5-87c9-fc945da41a24,7319bb38-0e1a-42a0-a1a3-c170af371232,Lead Scoring Engine v5.5,Premium crm pro license for enterprise teams,SKU-9688,34.03,2026-06-21T07:15:50.825135,ba4c6a8d-6e78-4532-82ad-fccefbf8ab96
e5526595-abef-47da-bfa0-3474f88135a3,7319bb38-0e1a-42a0-a1a3-c170af371232,Advanced Reporting v4.7,Premium priority support for enterprise teams,SKU-2155,6324.22,2025-12-20T01:39:25.825152,af8ae744-eaf6-49a6-9c7f-4f4aa9e503ee
f61e512f-52ca-47c9-b173-29b2af22ecbc,7319bb38-0e1a-42a0-a1a3-c170af371232,Storage Upgrade v1.8,Premium mobile app license for enterprise teams,SKU-4960,891.83,2026-06-21T10:17:55.825169,aabd8828-4992-4138-a82c-82d2ace3e408
97370f18-6be9-42eb-9110-d35a4faec913,7319bb38-0e1a-42a0-a1a3-c170af371232,Storage Upgrade v4.3,Premium training package for enterprise teams,SKU-5791,1193.86,2026-06-20T03:13:03.825189,96bb061b-9355-4d14-bab8-c5b59a63ac2a
092665d8-ad21-4dca-84a4-9170c84ea6a1,7319bb38-0e1a-42a0-a1a3-c170af371232,White Label Solution v1.5,Premium consulting hours for enterprise teams,SKU-1689,8434.72,2026-02-13T10:09:47.825206,f6c1513d-8b13-441d-98bb-1a986c21400d
61bcc0ad-7b75-4470-9cae-ccac50539ff0,7319bb38-0e1a-42a0-a1a3-c170af371232,Analytics Dashboard v4.4,Premium pipeline analytics for enterprise teams,SKU-3650,3201.54,2026-03-14T22:32:46.825222,fd2fd60f-404e-41a6-95e7-9a06e7913261
fbb39659-7ef6-47d8-8d81-1c0975295f34,7319bb38-0e1a-42a0-a1a3-c170af371232,Storage Upgrade v1.3,Premium email marketing suite for enterprise teams,SKU-1237,281.23,2026-07-01T00:20:59.825239,5b11e466-caa2-4b0d-ad40-becd33c6cbc2
40a76805-559c-4a4b-bd98-d32383f491d4,7319bb38-0e1a-42a0-a1a3-c170af371232,Data Migration Service v2.0,Premium white label solution for enterprise teams,SKU-2834,6732.55,2026-04-23T17:13:17.825255,eaf0989b-5b56-4b72-9a32-2711e9c394ff
44380a34-8562-45b2-92d6-a1b5d0878ea6,7319bb38-0e1a-42a0-a1a3-c170af371232,Security Audit v1.1,Premium email marketing suite for enterprise teams,SKU-1878,7573.99,2025-09-04T16:03:11.825271,8ae3dae5-38cd-4160-84ef-5c590af0066c
921f6c8f-5bfd-46e8-953d-fb805be5e6f4,7319bb38-0e1a-42a0-a1a3-c170af371232,White Label Solution v3.0,Premium pipeline analytics for enterprise teams,SKU-8320,1186.68,2026-02-01T09:27:50.825287,638bfc6a-5a8b-4bf8-9f66-0c0d0744f19a
ddbc9433-7835-4bd1-a8d7-9da79d5d53f9,7319bb38-0e1a-42a0-a1a3-c170af371232,Analytics Dashboard v2.5,Premium mobile app license for enterprise teams,SKU-6035,5910.16,2025-12-23T02:10:46.825304,96bb061b-9355-4d14-bab8-c5b59a63ac2a
d99164e8-09a6-4089-b938-37ab785041d6,7319bb38-0e1a-42a0-a1a3-c170af371232,API Access Premium v5.9,Premium data migration service for enterprise teams,SKU-4220,4007.45,2026-06-17T09:34:20.825320,af8ae744-eaf6-49a6-9c7f-4f4aa9e503ee
c01a7ced-b3a4-4702-a3c7-f1bd3616c29a,7319bb38-0e1a-42a0-a1a3-c170af371232,API Access Premium v3.3,Premium priority support for enterprise teams,SKU-5047,2490.49,2026-06-14T20:53:07.825339,aabd8828-4992-4138-a82c-82d2ace3e408
067d646b-c2e1-469f-bc62-8ee7decbf5a9,7319bb38-0e1a-42a0-a1a3-c170af371232,AI Assistant v5.2,Premium lead scoring engine for enterprise teams,SKU-6735,4382.15,2025-11-04T09:14:36.825355,38b1938d-3cd4-479f-8f9c-d5fc4c1dd8fd
d7a1fde7-d217-4e1d-996d-27b14f86e85e,7319bb38-0e1a-42a0-a1a3-c170af371232,Performance Optimization v5.4,Premium ai assistant for enterprise teams,SKU-5947,8655.54,2025-12-22T11:43:07.825372,38b1938d-3cd4-479f-8f9c-d5fc4c1dd8fd
ada22ad2-316c-4bdd-94a8-f85ad762daa1,7319bb38-0e1a-42a0-a1a3-c170af371232,API Access Premium v5.7,Premium mobile app license for enterprise teams,SKU-8729,4041.72,2026-07-22T06:52:53.825388,0d1a00d8-532c-48b5-a0d5-e8f37068b7e8
1a807e43-7354-46d9-9af4-c6da899ea80c,7319bb38-0e1a-42a0-a1a3-c170af371232,Mobile App License v3.1,Premium custom integration for enterprise teams,SKU-9677,9894.1,2025-12-03T03:53:10.825411,fd2fd60f-404e-41a6-95e7-9a06e7913261
dad7f8dc-fc49-43b7-bc17-98420f531b40,7319bb38-0e1a-42a0-a1a3-c170af371232,Security Audit v4.9,Premium custom integration for enterprise teams,SKU-7155,4980.16,2026-07-05T14:45:23.825428,eaf0989b-5b56-4b72-9a32-2711e9c394ff
a52704e6-7182-43c2-8a58-44bb74859683,7319bb38-0e1a-42a0-a1a3-c170af371232,Performance Optimization v2.2,Premium advanced reporting for enterprise teams,SKU-9421,6141.29,2026-07-08T19:09:55.825444,f6c1513d-8b13-441d-98bb-1a986c21400d
c3917c1e-7efe-4105-a4bf-848564a8e13c,2742825a-3e35-4f86-ae5a-aca92762e3ea,Mobile App License v4.9,Premium ai assistant for enterprise teams,SKU-3159,7184.1,2026-01-27T10:42:10.825468,ae300c2a-88df-4b79-b08f-dabbd0efed46
45e90144-110d-47f5-a49d-0c9de914c043,2742825a-3e35-4f86-ae5a-aca92762e3ea,Consulting Hours v2.7,Premium performance optimization for enterprise teams,SKU-4554,8084.16,2025-09-28T03:15:08.825489,d7b70429-3c34-4940-81f0-2fd516ab47cb
32e80fc2-4f83-402f-b9ed-1528fcfa772f,2742825a-3e35-4f86-ae5a-aca92762e3ea,Custom Integration v4.3,Premium lead scoring engine for enterprise teams,SKU-3734,2453.01,2025-09-24T18:45:00.825506,a669f01c-9d90-47fe-b1f8-79740e2b0070
3aaaa7f5-d725-47b0-9e9c-e1289133abc2,2742825a-3e35-4f86-ae5a-aca92762e3ea,CRM Pro License v2.2,Premium storage upgrade for enterprise teams,SKU-1550,9979.3,2025-09-14T13:02:56.825523,20c3bda5-fea6-4ea8-a48c-7cd0305cde2d
76162e8e-b0dd-4b65-b73f-5818f272185c,2742825a-3e35-4f86-ae5a-aca92762e3ea,Analytics Dashboard v4.2,Premium mobile app license for enterprise teams,SKU-2086,5878.05,2026-01-21T12:44:29.825552,1f4e14bd-50ce-450c-ab7d-5e06108ba712
7e963bb7-d3d8-4d03-ae92-1117b75a1852,2742825a-3e35-4f86-ae5a-aca92762e3ea,Pipeline Analytics v1.8,Premium analytics dashboard for enterprise teams,SKU-4258,2679.55,2025-12-21T19:18:10.825574,64557d9f-67a1-4513-b6da-e641464f66bb
ee45f0ce-7b61-4bf5-8195-cc2accec89b6,2742825a-3e35-4f86-ae5a-aca92762e3ea,Security Audit v4.1,Premium white label solution for enterprise teams,SKU-5600,362.96,2026-06-15T04:04:38.825591,d7b70429-3c34-4940-81f0-2fd516ab47cb
c2312652-c348-4bb4-baef-a726e51b7fa3,2742825a-3e35-4f86-ae5a-aca92762e3ea,Lead Scoring Engine v2.3,Premium custom integration for enterprise teams,SKU-5959,8345.11,2026-05-17T11:34:27.825608,8c0e1935-13b5-4990-a8a3-0be81dad1a78
43e3270e-b776-434c-8e7d-dd96b6b09f39,2742825a-3e35-4f86-ae5a-aca92762e3ea,Training Package v2.5,Premium white label solution for enterprise teams,SKU-1269,1257.44,2026-08-05T18:48:33.825624,1f4e14bd-50ce-450c-ab7d-5e06108ba712
cbf14aab-9f6b-400b-938e-12940e5d31ed,2742825a-3e35-4f86-ae5a-aca92762e3ea,Lead Scoring Engine v1.2,Premium email marketing suite for enterprise teams,SKU-2552,1491.53,2026-01-02T03:48:33.825646,fdbc7119-6732-45ab-9136-cb056076a38a
48d366ec-8806-459a-bdab-c3e8f490d1f4,2742825a-3e35-4f86-ae5a-aca92762e3ea,Performance Optimization v2.2,Premium white label solution for enterprise teams,SKU-2889,825.16,2026-03-09T16:44:51.825662,ae300c2a-88df-4b79-b08f-dabbd0efed46
467a8674-9ee6-47c6-a3c0-9379265a52f0,2742825a-3e35-4f86-ae5a-aca92762e3ea,Performance Optimization v4.4,Premium storage upgrade for enterprise teams,SKU-2809,297.67,2025-10-20T07:48:29.825678,b7d19994-038b-4dbe-8e38-5141d55ae804
65ef86c1-8cb0-49be-827e-a43ead62be07,2742825a-3e35-4f86-ae5a-aca92762e3ea,AI Assistant v3.1,Premium mobile app license for enterprise teams,SKU-4929,4103.4,2026-06-24T21:45:47.825695,b7d19994-038b-4dbe-8e38-5141d55ae804
20690950-47b0-4dab-9673-eb248ef0fb1d,2742825a-3e35-4f86-ae5a-aca92762e3ea,Workflow Automation v2.5,Premium priority support for enterprise teams,SKU-4538,9418.71,2025-08-30T10:58:51.825711,d7b70429-3c34-4940-81f0-2fd516ab47cb
a36d491a-cb58-4634-b94c-6359c71d61da,2742825a-3e35-4f86-ae5a-aca92762e3ea,Email Marketing Suite v3.6,Premium training package for enterprise teams,SKU-7000,9846.52,2026-07-25T14:43:21.825727,1f4e14bd-50ce-450c-ab7d-5e06108ba712
c063d7e8-d8c5-4f11-92b9-085bc53d04e4,2742825a-3e35-4f86-ae5a-aca92762e3ea,White Label Solution v1.5,Premium mobile app license for enterprise teams,SKU-3132,2839.72,2026-02-21T17:05:12.825743,a3cb50e2-619e-40b9-82fa-b0ae6c6c06ca
79be83ca-4120-4e5d-89e7-e85c9f76372c,2742825a-3e35-4f86-ae5a-aca92762e3ea,Priority Support v2.9,Premium pipeline analytics for enterprise teams,SKU-2776,262.44,2026-05-21T12:32:49.825759,1f4e14bd-50ce-450c-ab7d-5e06108ba712
9093c07a-00d8-45e1-b5cd-0cf5d2bf0756,2742825a-3e35-4f86-ae5a-aca92762e3ea,White Label Solution v3.5,Premium custom integration for enterprise teams,SKU-5275,5170.61,2026-07-26T18:44:20.825775,ae300c2a-88df-4b79-b08f-dabbd0efed46
85c04512-9b04-4c1e-99f0-be1641fbb616,2742825a-3e35-4f86-ae5a-aca92762e3ea,Email Marketing Suite v4.3,Premium custom integration for enterprise teams,SKU-2000,9679.24,2025-12-07T22:26:06.825792,64557d9f-67a1-4513-b6da-e641464f66bb
d601a0e3-97fb-4626-87e7-ceb91e7d8a1f,2742825a-3e35-4f86-ae5a-aca92762e3ea,Mobile App License v2.7,Premium priority support for enterprise teams,SKU-6994,2876.31,2025-09-24T13:09:02.825808,fdbc7119-6732-45ab-9136-cb056076a38a
0bd7c4ba-9fb2-459c-b66f-0b7d55c54749,2742825a-3e35-4f86-ae5a-aca92762e3ea,Email Marketing Suite v3.5,Premium custom integration for enterprise teams,SKU-9947,1671.51,2025-12-09T15:40:26.825825,a669f01c-9d90-47fe-b1f8-79740e2b0070
367450ea-e033-49ef-9262-1f89799714ab,2742825a-3e35-4f86-ae5a-aca92762e3ea,API Access Premium v4.0,Premium ai assistant for enterprise teams,SKU-1731,2027.31,2026-03-19T10:18:28.825841,64557d9f-67a1-4513-b6da-e641464f66bb
b515a869-bd4c-4489-9378-0143e5c053f9,2742825a-3e35-4f86-ae5a-aca92762e3ea,White Label Solution v5.3,Premium white label solution for enterprise teams,SKU-9504,1084.14,2025-08-27T13:57:34.825857,b7d19994-038b-4dbe-8e38-5141d55ae804
cf189d48-220f-4590-be0a-8800af4143b5,2742825a-3e35-4f86-ae5a-aca92762e3ea,Storage Upgrade v4.5,Premium crm pro license for enterprise teams,SKU-8328,6510.24,2026-04-03T21:07:43.825877,64557d9f-67a1-4513-b6da-e641464f66bb
9370f1e3-a909-4f3e-acb5-afbee3b4712d,2742825a-3e35-4f86-ae5a-aca92762e3ea,Custom Integration v4.5,Premium email marketing suite for enterprise teams,SKU-1457,2858.73,2026-04-30T14:58:09.825894,1f4e14bd-50ce-450c-ab7d-5e06108ba712
7bd03033-9002-4cc3-8581-6ff8815927a5,2742825a-3e35-4f86-ae5a-aca92762e3ea,Multi-tenant License v3.0,Premium performance optimization for enterprise teams,SKU-9345,8526.56,2025-08-26T22:36:07.825911,126bc002-0870-4341-a019-6dbae3d39a09
2ca2aa98-4ffe-44d8-ab83-8e6b34efb1b4,2742825a-3e35-4f86-ae5a-aca92762e3ea,Training Package v3.2,Premium security audit for enterprise teams,SKU-8663,8355.15,2026-07-14T00:23:03.825933,d7b70429-3c34-4940-81f0-2fd516ab47cb
1c9d0975-e76d-45e4-bc79-18d8af237928,2742825a-3e35-4f86-ae5a-aca92762e3ea,CRM Pro License v5.9,Premium analytics dashboard for enterprise teams,SKU-5637,3112.85,2025-10-17T12:03:13.825955,b7d19994-038b-4dbe-8e38-5141d55ae804
1c1aceba-4f23-4fb8-bb51-df525e7e6af0,2742825a-3e35-4f86-ae5a-aca92762e3ea,Mobile App License v2.1,Premium crm pro license for enterprise teams,SKU-1409,8750.31,2026-02-20T01:14:44.825974,fdbc7119-6732-45ab-9136-cb056076a38a
a68b91d3-9a43-46c6-b964-9d7c48152a12,2742825a-3e35-4f86-ae5a-aca92762e3ea,AI Assistant v3.6,Premium ai assistant for enterprise teams,SKU-6092,9313.43,2025-10-25T17:43:38.825993,8c0e1935-13b5-4990-a8a3-0be81dad1a78
15dc3293-500b-4909-8083-247edf59b4b8,2742825a-3e35-4f86-ae5a-aca92762e3ea,Advanced Reporting v5.8,Premium workflow automation for enterprise teams,SKU-4391,5067.48,2026-04-18T03:43:51.826015,64557d9f-67a1-4513-b6da-e641464f66bb
c35f4f88-67a6-4efd-9209-0768745a9974,2742825a-3e35-4f86-ae5a-aca92762e3ea,Email Marketing Suite v1.4,Premium consulting hours for enterprise teams,SKU-1360,5948.96,2025-08-28T16:21:46.826033,fc5f1462-0be4-4ddf-81a8-aa82b5148124
44161a8c-2f0a-41bb-bde0-8efb802607b6,2742825a-3e35-4f86-ae5a-aca92762e3ea,Priority Support v1.8,Premium analytics dashboard for enterprise teams,SKU-4140,2430.99,2026-05-16T05:07:56.826050,a3cb50e2-619e-40b9-82fa-b0ae6c6c06ca
33580d29-cabf-467c-bda3-1bad895e40c5,2742825a-3e35-4f86-ae5a-aca92762e3ea,Lead Scoring Engine v3.3,Premium ai assistant for enterprise teams,SKU-6357,4819.69,2025-12-23T02:50:29.826066,fc5f1462-0be4-4ddf-81a8-aa82b5148124
77ab9dbf-cb9e-4a54-9bc7-a551a3371f51,2742825a-3e35-4f86-ae5a-aca92762e3ea,API Access Premium v1.0,Premium lead scoring engine for enterprise teams,SKU-3431,235.84,2025-09-11T01:20:09.826083,fc5f1462-0be4-4ddf-81a8-aa82b5148124
f1ea67c3-4828-4712-8a4f-9637d1d457c2,2742825a-3e35-4f86-ae5a-aca92762e3ea,Storage Upgrade v1.3,Premium mobile app license for enterprise teams,SKU-4498,7114.3,2026-07-16T23:34:00.826099,56bbe842-f0da-4e30-a46c-38025bfb382e
88d76fd5-8c49-4a62-bedc-83c0ff56eb74,2742825a-3e35-4f86-ae5a-aca92762e3ea,Priority Support v1.9,Premium analytics dashboard for enterprise teams,SKU-2448,822.38,2026-02-18T22:00:47.826120,b7d19994-038b-4dbe-8e38-5141d55ae804
47bc3dc5-a722-42f4-985c-96eb0cde6bb4,2742825a-3e35-4f86-ae5a-aca92762e3ea,Mobile App License v4.0,Premium custom integration for enterprise teams,SKU-4144,47.31,2026-05-18T10:31:15.826137,126bc002-0870-4341-a019-6dbae3d39a09
82ffe475-ec31-4cee-86b2-7995b937fe77,2742825a-3e35-4f86-ae5a-aca92762e3ea,Performance Optimization v4.7,Premium priority support for enterprise teams,SKU-5534,7533.12,2025-08-24T12:35:54.826154,c74050eb-0b79-4cba-8d19-adf0d3e0b9db
ec3d190c-1c31-4cc6-80a5-ca9c9dc7a781,2742825a-3e35-4f86-ae5a-aca92762e3ea,Security Audit v2.4,Premium mobile app license for enterprise teams,SKU-4446,726.01,2026-02-15T06:08:30.826171,fc5f1462-0be4-4ddf-81a8-aa82b5148124
d1196c53-5ef3-4f1c-a643-9fd00d8658d4,2742825a-3e35-4f86-ae5a-aca92762e3ea,Priority Support v1.7,Premium lead scoring engine for enterprise teams,SKU-4368,2004.57,2025-11-25T07:12:52.826187,126bc002-0870-4341-a019-6dbae3d39a09
d6261939-64eb-41a2-be54-47e32d7bd525,2742825a-3e35-4f86-ae5a-aca92762e3ea,Priority Support v2.0,Premium performance optimization for enterprise teams,SKU-5401,9754.74,2026-05-16T05:39:25.826204,8c0e1935-13b5-4990-a8a3-0be81dad1a78
4ce92f75-f84a-4f8a-9eff-67b35d376dcc,2742825a-3e35-4f86-ae5a-aca92762e3ea,Priority Support v3.5,Premium analytics dashboard for enterprise teams,SKU-2273,3586.69,2025-11-02T22:06:33.826229,d7b70429-3c34-4940-81f0-2fd516ab47cb
9d557b5c-4cc6-4cdb-9247-0830d31c4796,2742825a-3e35-4f86-ae5a-aca92762e3ea,Training Package v4.7,Premium data migration service for enterprise teams,SKU-5583,8483.62,2025-12-08T14:27:21.826260,d7b70429-3c34-4940-81f0-2fd516ab47cb
d1282297-34ed-4547-90e1-30556a142f79,2742825a-3e35-4f86-ae5a-aca92762e3ea,API Access Premium v3.8,Premium workflow automation for enterprise teams,SKU-4663,2796.44,2026-07-25T01:20:41.826281,8c0e1935-13b5-4990-a8a3-0be81dad1a78
ba1800b9-b7fa-465b-a8f9-801658ea4e08,2742825a-3e35-4f86-ae5a-aca92762e3ea,CRM Pro License v5.0,Premium security audit for enterprise teams,SKU-7395,2199.69,2026-05-06T17:28:44.826298,fc5f1462-0be4-4ddf-81a8-aa82b5148124
865cb6a8-b0f5-4a5c-8cce-e8784da844a1,2742825a-3e35-4f86-ae5a-aca92762e3ea,Consulting Hours v4.8,Premium consulting hours for enterprise teams,SKU-1319,8818.51,2026-06-23T18:08:08.826314,a3cb50e2-619e-40b9-82fa-b0ae6c6c06ca
e2133f24-0c17-41c5-9c58-95387e319635,2742825a-3e35-4f86-ae5a-aca92762e3ea,Consulting Hours v2.8,Premium ai assistant for enterprise teams,SKU-1047,2048.37,2026-07-23T06:57:24.826331,1f4e14bd-50ce-450c-ab7d-5e06108ba712
9391e418-3bfc-4bed-861d-f400ce36aeec,2742825a-3e35-4f86-ae5a-aca92762e3ea,Workflow Automation v3.5,Premium white label solution for enterprise teams,SKU-4876,9281.15,2025-08-29T10:41:25.826348,8c0e1935-13b5-4990-a8a3-0be81dad1a78
06c18d8d-a9f9-4206-9c7b-2d59c6de62ee,2742825a-3e35-4f86-ae5a-aca92762e3ea,Security Audit v4.5,Premium pipeline analytics for enterprise teams,SKU-8930,7905.78,2026-03-16T02:05:41.826367,c74050eb-0b79-4cba-8d19-adf0d3e0b9db
9596da1c-129f-455c-9d44-ebe8ddb6d7e5,fa6b3223-0c9a-40e9-b075-9220ef58763e,White Label Solution v2.8,Premium performance optimization for enterprise teams,SKU-8585,8588.96,2025-11-17T01:03:20.826391,3a7a726c-307e-4e71-8d43-f4ec0d020101
6b7928fe-2484-4c14-a10d-8fcd85b34a79,fa6b3223-0c9a-40e9-b075-9220ef58763e,Workflow Automation v3.8,Premium consulting hours for enterprise teams,SKU-7415,3383.08,2026-01-17T13:56:41.826423,70a1a11d-5ed0-4a43-ae45-a3d2f63e8213
182436e3-bafa-49da-9c85-6133f59e53e0,fa6b3223-0c9a-40e9-b075-9220ef58763e,API Access Premium v2.8,Premium advanced reporting for enterprise teams,SKU-1639,6104.79,2025-08-26T12:43:14.826439,b0e0e9fd-ef8b-47d5-b426-0e52c2535506
acbd6ee1-63c3-4c92-bfed-e91b61da7956,fa6b3223-0c9a-40e9-b075-9220ef58763e,Email Marketing Suite v2.5,Premium data migration service for enterprise teams,SKU-7473,887.23,2026-02-03T04:47:34.826456,70a1a11d-5ed0-4a43-ae45-a3d2f63e8213
2b948313-ca24-403c-a7a6-c813615f5aac,fa6b3223-0c9a-40e9-b075-9220ef58763e,Consulting Hours v4.2,Premium performance optimization for enterprise teams,SKU-1105,7061.44,2026-02-07T03:54:06.826472,056273a6-60a0-4f5f-96b3-0a1f9b494aa8
9bcc1996-3132-418a-8f59-ffce515806c4,fa6b3223-0c9a-40e9-b075-9220ef58763e,Email Marketing Suite v2.1,Premium training package for enterprise teams,SKU-4265,8815.84,2026-07-16T19:24:18.826489,e6daabab-f289-47f2-91c8-de431d5400de
d0f59151-6982-4b93-b185-18ef70836a10,fa6b3223-0c9a-40e9-b075-9220ef58763e,Training Package v3.9,Premium analytics dashboard for enterprise teams,SKU-1332,2466.93,2025-11-10T15:58:42.826514,73a569a6-1e94-43c5-ab7e-31c0c0b2a6fb
942c92ae-6553-41f1-a787-579a39a76bce,fa6b3223-0c9a-40e9-b075-9220ef58763e,API Access Premium v1.6,Premium workflow automation for enterprise teams,SKU-9686,5363.4,2025-09-05T19:08:38.826531,b0e0e9fd-ef8b-47d5-b426-0e52c2535506
19b9e12a-806b-4a43-a4b7-c90d104c0009,fa6b3223-0c9a-40e9-b075-9220ef58763e,CRM Pro License v1.6,Premium workflow automation for enterprise teams,SKU-5660,7450.66,2026-02-04T09:10:05.826548,e4a0f782-d61b-4052-849d-5679c682e6e0
b7323e59-77e5-4637-be2b-4a646882bce3,fa6b3223-0c9a-40e9-b075-9220ef58763e,Email Marketing Suite v1.9,Premium analytics dashboard for enterprise teams,SKU-1114,5391.08,2025-08-13T00:04:48.826564,e6daabab-f289-47f2-91c8-de431d5400de
26ef27ca-84d6-401d-a3a0-149f2d323cde,fa6b3223-0c9a-40e9-b075-9220ef58763e,Custom Integration v5.4,Premium security audit for enterprise teams,SKU-2829,990.02,2025-10-15T02:41:10.826580,02aa60b8-30fa-45cc-90ce-706799bfffeb
2ac53123-915a-4c04-b61e-91049924d014,fa6b3223-0c9a-40e9-b075-9220ef58763e,Advanced Reporting v3.9,Premium workflow automation for enterprise teams,SKU-4627,8678.26,2026-07-12T00:02:00.826597,e6daabab-f289-47f2-91c8-de431d5400de
19c2ffc3-1e7c-40c4-8bdc-490a8b64afac,fa6b3223-0c9a-40e9-b075-9220ef58763e,White Label Solution v5.7,Premium email marketing suite for enterprise teams,SKU-1404,7614.29,2025-10-16T12:00:50.826619,c7ad0281-d620-4eef-92e6-7a52117c0a8e
eaa90dde-4830-4447-844e-085df70568d1,fa6b3223-0c9a-40e9-b075-9220ef58763e,Advanced Reporting v5.3,Premium lead scoring engine for enterprise teams,SKU-5702,812.22,2025-08-19T02:36:54.826636,793561a3-4c41-4b4b-9ec6-6527903d3e02
7cfd0a5b-7481-40bc-86ff-99c04844572b,fa6b3223-0c9a-40e9-b075-9220ef58763e,Mobile App License v1.4,Premium analytics dashboard for enterprise teams,SKU-9360,5583.04,2026-01-09T11:05:44.826652,70a1a11d-5ed0-4a43-ae45-a3d2f63e8213
5ae6e384-a9e7-4fbf-9ae0-cfcc918b3889,fa6b3223-0c9a-40e9-b075-9220ef58763e,Data Migration Service v2.4,Premium training package for enterprise teams,SKU-7268,7983.06,2025-10-12T10:44:04.826669,c7ad0281-d620-4eef-92e6-7a52117c0a8e
f8f849ee-2436-4840-afa7-a4a39fd1185f,fa6b3223-0c9a-40e9-b075-9220ef58763e,Advanced Reporting v4.4,Premium consulting hours for enterprise teams,SKU-1328,9554.72,2026-04-20T11:04:03.826685,40fd4c0b-aaa5-4aad-9d10-5269ef1b800f
f0a2cab1-2b21-446d-ae7e-1eea7343a6e1,fa6b3223-0c9a-40e9-b075-9220ef58763e,Multi-tenant License v3.1,Premium consulting hours for enterprise teams,SKU-8759,1033.62,2026-05-06T12:35:51.826702,e6daabab-f289-47f2-91c8-de431d5400de
98cc7f2d-ca64-477f-8511-c6889b76e54f,fa6b3223-0c9a-40e9-b075-9220ef58763e,Pipeline Analytics v2.0,Premium consulting hours for enterprise teams,SKU-8562,2548.27,2026-07-08T19:09:01.826723,02aa60b8-30fa-45cc-90ce-706799bfffeb
3eeba364-13ae-40f4-af0d-9fa6f3733016,fa6b3223-0c9a-40e9-b075-9220ef58763e,AI Assistant v1.7,Premium pipeline analytics for enterprise teams,SKU-8343,9779.67,2025-11-29T22:17:57.826747,73a569a6-1e94-43c5-ab7e-31c0c0b2a6fb
67b52b18-0a52-4653-b2f1-f7f9dbd6ce1e,fa6b3223-0c9a-40e9-b075-9220ef58763e,Custom Integration v3.2,Premium custom integration for enterprise teams,SKU-4458,8599.04,2026-04-20T11:10:12.826763,793561a3-4c41-4b4b-9ec6-6527903d3e02
6a05cfee-e408-4b81-af8d-682a253bff5f,fa6b3223-0c9a-40e9-b075-9220ef58763e,Email Marketing Suite v3.5,Premium mobile app license for enterprise teams,SKU-3695,8699.71,2025-10-02T02:18:42.826779,b0e0e9fd-ef8b-47d5-b426-0e52c2535506
6778cadd-2d7c-4b83-b423-c8e0bba03d95,fa6b3223-0c9a-40e9-b075-9220ef58763e,Advanced Reporting v3.4,Premium custom integration for enterprise teams,SKU-3532,6774.8,2025-12-01T06:48:23.826796,b0e0e9fd-ef8b-47d5-b426-0e52c2535506
98b90f78-cef7-4b69-8692-4c1f2c1961dd,fa6b3223-0c9a-40e9-b075-9220ef58763e,AI Assistant v3.7,Premium workflow automation for enterprise teams,SKU-8811,4201.52,2026-03-15T09:06:30.826813,056273a6-60a0-4f5f-96b3-0a1f9b494aa8
88936175-bd99-45a7-b590-6f76cceeb4af,fa6b3223-0c9a-40e9-b075-9220ef58763e,Email Marketing Suite v4.9,Premium ai assistant for enterprise teams,SKU-7265,8916.52,2025-11-06T16:29:04.826830,e4a0f782-d61b-4052-849d-5679c682e6e0
cfba5d22-92f7-47ec-a749-fc08dfb7e023,fa6b3223-0c9a-40e9-b075-9220ef58763e,Training Package v3.9,Premium api access premium for enterprise teams,SKU-5295,7014.63,2026-07-13T12:30:31.826846,d3f2a2a5-f425-4786-ac66-99c3ddb5fe75
b24f89a5-a776-4ec1-a338-2aa37dcc5444,fa6b3223-0c9a-40e9-b075-9220ef58763e,Data Migration Service v4.2,Premium advanced reporting for enterprise teams,SKU-3421,5658.84,2025-09-13T18:44:09.826863,056273a6-60a0-4f5f-96b3-0a1f9b494aa8
c3bf70ad-1271-405d-85ad-3bbfd16271d4,fa6b3223-0c9a-40e9-b075-9220ef58763e,Mobile App License v4.0,Premium workflow automation for enterprise teams,SKU-1427,6868.65,2025-12-09T09:23:42.826879,77216429-0c61-4206-8455-fea64c0b6917
7625364d-a1d9-4158-8d15-fa43b84fe907,fa6b3223-0c9a-40e9-b075-9220ef58763e,Security Audit v2.5,Premium multi-tenant license for enterprise teams,SKU-1685,468.24,2026-07-10T07:21:43.826896,40fd4c0b-aaa5-4aad-9d10-5269ef1b800f
d1d716ec-f4b7-4831-9e6c-913f5d94b9b1,fa6b3223-0c9a-40e9-b075-9220ef58763e,Mobile App License v5.1,Premium performance optimization for enterprise teams,SKU-5968,6600.24,2026-06-18T23:36:58.826912,02aa60b8-30fa-45cc-90ce-706799bfffeb
4e7cd873-c30e-4b7b-a4d9-f6754c2be3d1,fa6b3223-0c9a-40e9-b075-9220ef58763e,White Label Solution v3.8,Premium advanced reporting for enterprise teams,SKU-8404,8783.57,2026-02-14T02:14:10.826929,70a1a11d-5ed0-4a43-ae45-a3d2f63e8213
16e4260c-cfd4-4f72-b558-678eb968e0e9,fa6b3223-0c9a-40e9-b075-9220ef58763e,Mobile App License v2.1,Premium custom integration for enterprise teams,SKU-1567,4583.68,2026-06-11T04:09:42.826949,d3f2a2a5-f425-4786-ac66-99c3ddb5fe75
2e9db1bf-dce2-4a6e-8f13-0a38aba76f28,fa6b3223-0c9a-40e9-b075-9220ef58763e,Email Marketing Suite v2.6,Premium analytics dashboard for enterprise teams,SKU-7639,8148.91,2026-06-12T01:46:15.826969,4f5c97d1-2a5a-4459-bb2c-75d59167674a
f52bb332-034e-4286-beb6-6d8572919eec,fa6b3223-0c9a-40e9-b075-9220ef58763e,Multi-tenant License v3.8,Premium training package for enterprise teams,SKU-5551,8404.99,2026-05-19T19:06:18.826989,e4a0f782-d61b-4052-849d-5679c682e6e0
a98bc522-d026-4a4c-b584-ad6fc0a4d217,fa6b3223-0c9a-40e9-b075-9220ef58763e,Data Migration Service v3.7,Premium custom integration for enterprise teams,SKU-1742,3675.03,2025-11-26T22:50:42.827006,3a7a726c-307e-4e71-8d43-f4ec0d020101
312a850e-4031-43dd-abdf-9b5418d44fbe,fa6b3223-0c9a-40e9-b075-9220ef58763e,White Label Solution v4.7,Premium white label solution for enterprise teams,SKU-3709,3325.7,2026-01-19T13:31:40.827022,73a569a6-1e94-43c5-ab7e-31c0c0b2a6fb
b0c598f7-0207-49ec-b9ac-2f8c0d8346d8,fa6b3223-0c9a-40e9-b075-9220ef58763e,AI Assistant v1.1,Premium email marketing suite for enterprise teams,SKU-2350,2933.25,2025-12-22T00:39:47.827039,40fd4c0b-aaa5-4aad-9d10-5269ef1b800f
6453a8b8-4700-4bf9-af6f-90ce09c6259b,fa6b3223-0c9a-40e9-b075-9220ef58763e,Lead Scoring Engine v3.7,Premium lead scoring engine for enterprise teams,SKU-8854,9257.61,2025-12-12T17:18:38.827055,77216429-0c61-4206-8455-fea64c0b6917
4b4f9f96-1e94-4b31-b4fb-474552cd2c40,fa6b3223-0c9a-40e9-b075-9220ef58763e,Data Migration Service v5.4,Premium ai assistant for enterprise teams,SKU-9692,8658.41,2026-02-21T14:59:25.827071,3a7a726c-307e-4e71-8d43-f4ec0d020101
2872a444-8727-4111-bba7-62c2507a84c5,fa6b3223-0c9a-40e9-b075-9220ef58763e,Pipeline Analytics v5.1,Premium crm pro license for enterprise teams,SKU-5300,4293.06,2026-02-25T19:32:29.827088,c5b0aadb-faf1-42c1-9dd1-d8c4c6bf6834
80567914-a030-4033-a13c-75e3c710b772,fa6b3223-0c9a-40e9-b075-9220ef58763e,Pipeline Analytics v2.5,Premium white label solution for enterprise teams,SKU-3844,2542.91,2026-01-21T20:13:39.827104,73a569a6-1e94-43c5-ab7e-31c0c0b2a6fb
eef07f3b-d1b0-4d82-a831-f0360abe62f6,fa6b3223-0c9a-40e9-b075-9220ef58763e,Performance Optimization v4.0,Premium crm pro license for enterprise teams,SKU-7209,3529.44,2025-10-05T14:34:40.827120,793561a3-4c41-4b4b-9ec6-6527903d3e02
d9d7d8d1-a70c-4763-b5ca-178e13029abd,fa6b3223-0c9a-40e9-b075-9220ef58763e,Analytics Dashboard v5.7,Premium training package for enterprise teams,SKU-4092,639.73,2026-05-15T08:18:23.827137,3a7a726c-307e-4e71-8d43-f4ec0d020101
0336b030-ca6d-470f-b498-b0065e026bf8,fa6b3223-0c9a-40e9-b075-9220ef58763e,Training Package v1.5,Premium email marketing suite for enterprise teams,SKU-7958,3710.36,2025-08-28T18:05:20.827153,793561a3-4c41-4b4b-9ec6-6527903d3e02
7df81c02-b011-46ac-8707-2cc5cc541d27,fa6b3223-0c9a-40e9-b075-9220ef58763e,Pipeline Analytics v5.7,Premium data migration service for enterprise teams,SKU-6223,427.67,2026-04-07T10:13:47.827170,02aa60b8-30fa-45cc-90ce-706799bfffeb
65230455-bcf4-46c2-bbb3-0d7512f00614,fa6b3223-0c9a-40e9-b075-9220ef58763e,AI Assistant v2.6,Premium mobile app license for enterprise teams,SKU-4124,8317.3,2025-12-27T09:36:40.827186,c7ad0281-d620-4eef-92e6-7a52117c0a8e
80df3d32-7d09-432b-9084-408becf68c74,fa6b3223-0c9a-40e9-b075-9220ef58763e,Email Marketing Suite v2.0,Premium multi-tenant license for enterprise teams,SKU-3154,2888.07,2026-03-07T21:47:16.827208,c5b0aadb-faf1-42c1-9dd1-d8c4c6bf6834
142e98fe-4a82-4662-9caf-8c03fa072029,fa6b3223-0c9a-40e9-b075-9220ef58763e,Training Package v4.3,Premium ai assistant for enterprise teams,SKU-5845,5772.65,2026-04-25T10:33:35.827224,40fd4c0b-aaa5-4aad-9d10-5269ef1b800f
405d4f5a-81b0-49d8-a954-0364cd67e333,fa6b3223-0c9a-40e9-b075-9220ef58763e,White Label Solution v3.7,Premium priority support for enterprise teams,SKU-5156,4331.94,2025-09-23T00:55:26.827241,73a569a6-1e94-43c5-ab7e-31c0c0b2a6fb
94d36b05-c135-45de-8a09-32e6e9e0cd5f,fa6b3223-0c9a-40e9-b075-9220ef58763e,Workflow Automation v5.1,Premium advanced reporting for enterprise teams,SKU-6770,9276.47,2026-05-25T13:37:55.827261,e4a0f782-d61b-4052-849d-5679c682e6e0
e1698a73-d1fe-4d31-a100-05d8643466a5,7179207a-0cc9-48e0-87e1-8cd7d2f9f721,Email Marketing Suite v5.1,Premium analytics dashboard for enterprise teams,SKU-9573,1118.3,2026-06-09T14:05:22.827286,e16f7e8e-9f87-481c-a95f-799224a1dd30
6ae10c59-84e6-458b-9a31-9d5fe649b8d7,7179207a-0cc9-48e0-87e1-8cd7d2f9f721,Data Migration Service v2.5,Premium mobile app license for enterprise teams,SKU-3167,8468.57,2026-03-27T07:12:42.827308,8c00e028-41da-4e2c-91bf-e06c6f74595b
7834ef8d-265b-4b47-99c8-03b93a022fb9,7179207a-0cc9-48e0-87e1-8cd7d2f9f721,Email Marketing Suite v4.8,Premium pipeline analytics for enterprise teams,SKU-4489,4986.31,2025-08-14T16:19:35.827324,e16f7e8e-9f87-481c-a95f-799224a1dd30
f24d4583-84f1-45b3-a4de-2ca97fb0c733,7179207a-0cc9-48e0-87e1-8cd7d2f9f721,AI Assistant v5.0,Premium mobile app license for enterprise teams,SKU-4363,4498.06,2025-08-24T00:36:49.827340,bebdbef1-3be2-4351-a13f-43e46af2a5a2
c3127050-9af6-4a9c-b18c-29b47f53c6c1,7179207a-0cc9-48e0-87e1-8cd7d2f9f721,Data Migration Service v4.8,Premium data migration service for enterprise teams,SKU-3975,7029.45,2025-12-01T10:49:02.827357,34cd9ae9-7de1-4193-9109-53462c16ece9
6522ad9f-e113-44e5-acf7-9207ec8d33bb,7179207a-0cc9-48e0-87e1-8cd7d2f9f721,Lead Scoring Engine v2.6,Premium storage upgrade for enterprise teams,SKU-9334,1502.86,2026-01-28T14:43:15.827373,de2d46fb-a956-4b96-bc60-115ccf0715a6
a88722e5-3b6c-4f84-9720-8fedb5cbe6b1,7179207a-0cc9-48e0-87e1-8cd7d2f9f721,Performance Optimization v4.9,Premium ai assistant for enterprise teams,SKU-3228,3791.09,2025-10-23T10:39:35.827390,bebdbef1-3be2-4351-a13f-43e46af2a5a2
6399173c-997f-41e5-b060-69fdc03ca0d6,7179207a-0cc9-48e0-87e1-8cd7d2f9f721,Email Marketing Suite v3.4,Premium white label solution for enterprise teams,SKU-2338,6392.21,2025-09-06T18:06:04.827421,e52849ba-01bf-4e30-a6ad-e02749ff23a9
ca286b17-97ca-466c-acd7-5b7aba85062f,7179207a-0cc9-48e0-87e1-8cd7d2f9f721,Mobile App License v3.8,Premium custom integration for enterprise teams,SKU-1001,2168.3,2026-01-14T12:43:41.827440,7d137f66-8604-40bf-ba81-6af4667de5ac
4ad84d82-468f-4fbc-8544-273bcded3797,7179207a-0cc9-48e0-87e1-8cd7d2f9f721,Training Package v4.4,Premium email marketing suite for enterprise teams,SKU-9656,3869.27,2025-08-11T05:30:43.827460,46cb662a-e863-4194-99df-ab55ff22701c
cdac1a01-3294-48ec-b0eb-823df648ff49,7179207a-0cc9-48e0-87e1-8cd7d2f9f721,Mobile App License v5.5,Premium crm pro license for enterprise teams,SKU-4745,6530.42,2026-03-23T04:38:21.827477,b76f0d06-487f-4c14-97a4-859d3404b661
4fe5fed9-c513-4671-844a-b76788e93d04,7179207a-0cc9-48e0-87e1-8cd7d2f9f721,Mobile App License v3.8,Premium multi-tenant license for enterprise teams,SKU-4033,2129.11,2026-06-25T02:58:18.827494,e16f7e8e-9f87-481c-a95f-799224a1dd30
19c31472-d1f8-4ec9-a929-d1098a36b43b,7179207a-0cc9-48e0-87e1-8cd7d2f9f721,Storage Upgrade v4.1,Premium data migration service for enterprise teams,SKU-8466,1559.01,2025-10-24T05:11:58.827510,46cb662a-e863-4194-99df-ab55ff22701c
f768ae8f-bee9-4751-873a-d2715a96b11b,7179207a-0cc9-48e0-87e1-8cd7d2f9f721,Lead Scoring Engine v3.9,Premium email marketing suite for enterprise teams,SKU-2780,4274.27,2025-09-26T12:50:02.827526,46cb662a-e863-4194-99df-ab55ff22701c
4f2056f5-94d6-451a-abc4-7c76aae2b207,7179207a-0cc9-48e0-87e1-8cd7d2f9f721,AI Assistant v4.4,Premium consulting hours for enterprise teams,SKU-7684,9060.36,2026-07-06T02:27:15.827543,7d137f66-8604-40bf-ba81-6af4667de5ac
0a748983-cf68-4240-9b1b-8ff30b3a814d,7179207a-0cc9-48e0-87e1-8cd7d2f9f721,AI Assistant v1.3,Premium data migration service for enterprise teams,SKU-1607,2963.25,2025-10-04T12:19:56.827560,ded2cebc-b69e-4191-9d44-4929e9d428d1
6c43b904-d5f1-4778-a0c5-dd4c90a424f8,7179207a-0cc9-48e0-87e1-8cd7d2f9f721,Lead Scoring Engine v1.9,Premium email marketing suite for enterprise teams,SKU-7823,8660.0,2025-10-02T10:01:27.827578,ece82b98-28d8-4c7e-94ba-1bb820731ba5
c1cf8704-4a72-421d-9d67-cb191ac2333a,7179207a-0cc9-48e0-87e1-8cd7d2f9f721,Security Audit v1.1,Premium security audit for enterprise teams,SKU-6427,5642.02,2026-04-10T06:35:00.827595,b76f0d06-487f-4c14-97a4-859d3404b661
b5ece4bd-adb6-4580-9f00-e58cec7af648,7179207a-0cc9-48e0-87e1-8cd7d2f9f721,Pipeline Analytics v1.4,Premium advanced reporting for enterprise teams,SKU-5495,4350.19,2025-09-25T04:30:21.827611,1773f9d2-3516-4ff5-9acc-3b6a7b2ce872
fb789594-06cf-4b81-b25b-77908eff73ab,7179207a-0cc9-48e0-87e1-8cd7d2f9f721,White Label Solution v2.8,Premium security audit for enterprise teams,SKU-3285,4422.48,2025-11-21T14:12:47.827628,a120de43-c4d0-46d0-8c1a-3b6044216650
042970c1-a7cb-4a11-9f65-160ffc84807c,7179207a-0cc9-48e0-87e1-8cd7d2f9f721,Multi-tenant License v5.3,Premium storage upgrade for enterprise teams,SKU-6975,7623.74,2026-03-13T19:52:19.827646,02fc8d0f-48ca-4ab5-95da-9f2f51d44e5b
ac323284-bc17-451d-b5f5-7b1386687692,7179207a-0cc9-48e0-87e1-8cd7d2f9f721,Mobile App License v4.5,Premium consulting hours for enterprise teams,SKU-2970,3463.52,2026-02-23T01:20:44.827667,8c00e028-41da-4e2c-91bf-e06c6f74595b
b8114fba-8b74-494f-913f-c058a8314813,7179207a-0cc9-48e0-87e1-8cd7d2f9f721,Priority Support v5.3,Premium analytics dashboard for enterprise teams,SKU-2013,1012.95,2025-09-17T10:53:23.827684,1773f9d2-3516-4ff5-9acc-3b6a7b2ce872
61b1f5e8-00ef-4fa8-84fd-0ce8f38c3916,7179207a-0cc9-48e0-87e1-8cd7d2f9f721,Security Audit v3.4,Premium security audit for enterprise teams,SKU-7751,6907.7,2025-10-08T22:44:36.827700,7d137f66-8604-40bf-ba81-6af4667de5ac
54820374-d499-4dce-b7c7-b8d907621fc8,7179207a-0cc9-48e0-87e1-8cd7d2f9f721,Security Audit v5.3,Premium advanced reporting for enterprise teams,SKU-5054,1754.75,2025-12-25T17:17:51.827716,46cb662a-e863-4194-99df-ab55ff22701c
97d53d89-975d-489d-ae26-c22eb8396a9c,7179207a-0cc9-48e0-87e1-8cd7d2f9f721,Security Audit v5.3,Premium api access premium for enterprise teams,SKU-2711,7227.94,2025-09-10T04:55:38.827732,02fc8d0f-48ca-4ab5-95da-9f2f51d44e5b
f8bbfc96-1840-4011-a53d-e648a93936a8,7179207a-0cc9-48e0-87e1-8cd7d2f9f721,Custom Integration v4.7,Premium crm pro license for enterprise teams,SKU-4030,1715.27,2025-12-11T20:24:38.827749,0002ada9-8f33-49a6-b9b4-7aa4a8a79084
c08e38f7-15d4-46db-a617-d37c5f15c253,7179207a-0cc9-48e0-87e1-8cd7d2f9f721,Lead Scoring Engine v2.9,Premium api access premium for enterprise teams,SKU-7170,9422.66,2025-11-17T17:27:35.827799,ece82b98-28d8-4c7e-94ba-1bb820731ba5
30dd95e1-59e2-4944-ba7d-af09109b894f,7179207a-0cc9-48e0-87e1-8cd7d2f9f721,CRM Pro License v5.4,Premium white label solution for enterprise teams,SKU-6449,9902.77,2026-03-23T08:32:18.827816,ece82b98-28d8-4c7e-94ba-1bb820731ba5
b123b57c-56e5-467f-8acf-c2287f057e52,7179207a-0cc9-48e0-87e1-8cd7d2f9f721,Consulting Hours v3.8,Premium crm pro license for enterprise teams,SKU-5325,8974.7,2026-05-28T20:32:13.827832,e52849ba-01bf-4e30-a6ad-e02749ff23a9
ae8a519f-e2ab-4cb8-8f81-ba0b45b2793f,7179207a-0cc9-48e0-87e1-8cd7d2f9f721,Multi-tenant License v5.3,Premium mobile app license for enterprise teams,SKU-3148,7446.26,2026-01-18T11:06:15.827849,ded2cebc-b69e-4191-9d44-4929e9d428d1
fd4d77d9-9f0a-48e4-9a38-1106e9601929,7179207a-0cc9-48e0-87e1-8cd7d2f9f721,Workflow Automation v4.4,Premium analytics dashboard for enterprise teams,SKU-9134,7343.34,2026-06-29T14:16:02.827873,de2d46fb-a956-4b96-bc60-115ccf0715a6
fdd3498d-a8b7-4393-9060-49bca22fc3c7,7179207a-0cc9-48e0-87e1-8cd7d2f9f721,Multi-tenant License v2.9,Premium custom integration for enterprise teams,SKU-4300,7614.4,2026-07-04T02:29:42.827894,34cd9ae9-7de1-4193-9109-53462c16ece9
8add8c9d-fd28-4e4f-a07b-9dab4a274189,7179207a-0cc9-48e0-87e1-8cd7d2f9f721,AI Assistant v5.9,Premium ai assistant for enterprise teams,SKU-8099,4279.98,2026-04-26T23:22:53.827912,a120de43-c4d0-46d0-8c1a-3b6044216650
dc60c6c2-e300-4b35-b182-dc19bc31b0b5,7179207a-0cc9-48e0-87e1-8cd7d2f9f721,Lead Scoring Engine v2.2,Premium lead scoring engine for enterprise teams,SKU-8077,5178.41,2026-05-23T15:37:53.827929,b76f0d06-487f-4c14-97a4-859d3404b661
5990169d-fc22-48fe-8d6f-0050cbd66ccf,7179207a-0cc9-48e0-87e1-8cd7d2f9f721,Training Package v5.1,Premium workflow automation for enterprise teams,SKU-6240,2113.96,2025-10-16T22:26:53.827945,ded2cebc-b69e-4191-9d44-4929e9d428d1
990ac51a-1b07-48c5-aa1f-4aee4df62cd7,7179207a-0cc9-48e0-87e1-8cd7d2f9f721,AI Assistant v2.0,Premium security audit for enterprise teams,SKU-3003,9731.48,2025-11-05T10:23:32.827965,bebdbef1-3be2-4351-a13f-43e46af2a5a2
e0ba12de-9a41-41e1-b91c-f2262eda8dcb,7179207a-0cc9-48e0-87e1-8cd7d2f9f721,Lead Scoring Engine v2.8,Premium api access premium for enterprise teams,SKU-3003,653.12,2026-04-10T09:45:09.827982,e16f7e8e-9f87-481c-a95f-799224a1dd30
0aaad88e-9863-4a69-9ef2-64059e39a88e,7179207a-0cc9-48e0-87e1-8cd7d2f9f721,Analytics Dashboard v5.1,Premium lead scoring engine for enterprise teams,SKU-6995,5661.38,2025-11-18T09:05:47.827998,bebdbef1-3be2-4351-a13f-43e46af2a5a2
c6d775b0-19f3-46df-b4b6-d7e614a51d90,7179207a-0cc9-48e0-87e1-8cd7d2f9f721,Consulting Hours v4.2,Premium priority support for enterprise teams,SKU-3871,1582.62,2026-02-07T23:22:08.828015,b76f0d06-487f-4c14-97a4-859d3404b661
b26bc79a-6035-4566-8641-41466953ea1c,7179207a-0cc9-48e0-87e1-8cd7d2f9f721,API Access Premium v2.2,Premium crm pro license for enterprise teams,SKU-9586,5502.32,2026-06-15T00:21:45.828035,46cb662a-e863-4194-99df-ab55ff22701c
60496af1-0d79-4caa-a819-d4900f02de6d,7179207a-0cc9-48e0-87e1-8cd7d2f9f721,Pipeline Analytics v5.2,Premium security audit for enterprise teams,SKU-9756,4706.93,2026-02-12T02:27:05.828052,7d137f66-8604-40bf-ba81-6af4667de5ac
f4713839-15ac-4ee8-b8da-d9d2c68d3425,7179207a-0cc9-48e0-87e1-8cd7d2f9f721,Email Marketing Suite v2.5,Premium email marketing suite for enterprise teams,SKU-5302,9693.73,2026-04-30T15:48:30.828068,7d137f66-8604-40bf-ba81-6af4667de5ac
446b6cd0-0fcb-45fd-97c7-5d913668e63e,7179207a-0cc9-48e0-87e1-8cd7d2f9f721,Performance Optimization v5.5,Premium lead scoring engine for enterprise teams,SKU-7607,3995.03,2026-03-05T22:31:23.828084,ded2cebc-b69e-4191-9d44-4929e9d428d1
5599ba6a-e19b-4aeb-ae3a-4157930fe8cd,7179207a-0cc9-48e0-87e1-8cd7d2f9f721,Consulting Hours v4.0,Premium ai assistant for enterprise teams,SKU-9130,885.5,2026-05-02T16:42:14.828101,e52849ba-01bf-4e30-a6ad-e02749ff23a9
7f02df1f-2c18-43ff-8632-5f6a903f99d8,7179207a-0cc9-48e0-87e1-8cd7d2f9f721,Workflow Automation v5.3,Premium multi-tenant license for enterprise teams,SKU-2923,6808.86,2025-12-12T03:36:41.828118,bebdbef1-3be2-4351-a13f-43e46af2a5a2
c010729a-bdb9-48aa-80a3-16c05efc1133,7179207a-0cc9-48e0-87e1-8cd7d2f9f721,CRM Pro License v1.1,Premium analytics dashboard for enterprise teams,SKU-8020,1835.04,2026-08-02T10:23:05.828134,02fc8d0f-48ca-4ab5-95da-9f2f51d44e5b
2c5fa635-2680-448f-b1e2-1cb0f48dd492,7179207a-0cc9-48e0-87e1-8cd7d2f9f721,Pipeline Analytics v4.4,Premium training package for enterprise teams,SKU-2343,4324.9,2025-11-06T08:39:11.828151,bebdbef1-3be2-4351-a13f-43e46af2a5a2
8f114428-87c8-41ad-bb36-e64b889448e9,7179207a-0cc9-48e0-87e1-8cd7d2f9f721,CRM Pro License v5.5,Premium api access premium for enterprise teams,SKU-8492,2457.66,2025-11-08T19:11:47.828167,46cb662a-e863-4194-99df-ab55ff22701c
9c91eba4-065b-4234-8e3a-f545b93bee77,7179207a-0cc9-48e0-87e1-8cd7d2f9f721,Email Marketing Suite v4.1,Premium security audit for enterprise teams,SKU-6080,6806.35,2025-12-12T20:38:54.828183,46cb662a-e863-4194-99df-ab55ff22701c
