id,email,password_hash,full_name,avatar_url,phone,timezone,is_super_admin,email_verified,locale,theme,created_at
8b51f21b-0da9-4139-8f04-0ef4187ce705,howard.anderson41@yahoo.com,30b3189076421c10aa0e2edbce1f26f7d03cb01dd56cbbcc03f97b950c143c4f,Howard Anderson,https://i.pravatar.cc/150?u=8ded95f5,+13149938334,US/Eastern,False,True,en,system,2025-12-24T11:02:54.922435
f26bd177-029d-4863-993c-dfebe5004897,denisefreeman@hotmail.com,1614fcc1ec67e88ecb010f3cc57e541469283dfceebb0271d91c838955a0496f,Denise Freeman,https://i.pravatar.cc/150?u=f13a72d2,+13137651678,US/Eastern,False,True,en,system,2025-11-02T00:35:27.922487
d53e375b-e751-4c1c-9dd2-2c198336f144,joyce_kennedy@hotmail.com,20a7262077e832d75b07f5ab4b72fdf92b877697b6b5fa911072df40de343e67,Joyce Kennedy,https://i.pravatar.cc/150?u=ffc2d2ee,+14188398760,UTC,False,True,en,light,2025-07-12T02:09:05.922535
8e8f6232-b5f8-466d-98c1-6a9d8090c3eb,kenneth.henderson50@company.com,b0ca6a0dda80e99c125afa2368b42b4328149b854f60c24b7169aca74ef000ed,Kenneth Henderson,https://i.pravatar.cc/150?u=efe0edd0,+18854288585,US/Pacific,False,True,en,system,2025-02-16T07:28:39.922578
13f891f6-02c5-48a2-bb4f-65f664be06a0,eugenemason@outlook.com,6df59da385b61ce84382ba9786b47ef3527e2c3e9047014beadf5f7a0469d001,Eugene Mason,https://i.pravatar.cc/150?u=804e4f0a,+13260573448,US/Eastern,False,True,en,system,2025-11-01T21:31:57.922631
6339ef1b-ca56-4fa5-9ddb-36a79ac9d12f,alexis.rivera81@company.com,48a9bc9838daa297b46bc1d433f77acebe86a9bfeef3043abb67b0cace8f2489,Alexis Rivera,https://i.pravatar.cc/150?u=fca7e4b3,+19909909623,Europe/London,False,True,en,light,2026-02-22T09:11:19.922680
876017f1-7629-48e0-9ce9-20b44276c7d6,seanwest42@gmail.com,824b3b652830087ad1d4b9f5f2c5ddc897bb7213589d5ff86d4635af71db36bc,Sean West,https://i.pravatar.cc/150?u=6bdd9c4d,+12083651970,US/Central,False,True,en,dark,2025-10-08T05:24:57.922720
58f39eeb-75cb-4ef4-96ba-4a30c22a7a1e,kathleen.sullivan94@gmail.com,c43fc58d81621ce7dd409c1446377e016b2907530038f477722623e4eb7e9b2f,Kathleen Sullivan,https://i.pravatar.cc/150?u=3cdf4ad9,+15504793184,Asia/Tokyo,False,True,en,light,2025-06-16T20:36:41.922767
71030eb2-1621-4863-8e2d-b6184abb7f32,geraldnelson78@outlook.com,a7530dda9115dd3de2d656adf83611ab1aa00c478a59722709b0e859ab21e8fc,Gerald Nelson,https://i.pravatar.cc/150?u=7f31c394,+16141907136,Europe/London,False,True,en,system,2025-08-29T14:39:22.922809
7675c849-0f1f-4fa3-923c-f392ea4a2f35,aaronmyers@hotmail.com,61e055483e757ed2104884ed72966f41420563ee2b7fccdbafd48069d6a5485d,Aaron Myers,https://i.pravatar.cc/150?u=ca183507,+13064746525,UTC,False,True,en,system,2025-09-29T00:43:53.922848
1f599b2d-4c19-4c7e-91e2-f8655b60b03d,jeffreyjohnson@gmail.com,603ea3b5924c8d385ce06392d995d81918fb941b30446c287d0c0d1eac982e84,Jeffrey Johnson,https://i.pravatar.cc/150?u=7e3497d8,+12983297492,UTC,False,True,en,light,2026-07-16T11:58:20.922885
7223e10a-b124-4a7f-a342-f0f59020ba2f,brendaharvey@yahoo.com,f9655fa060828d35f7d3efe6a5753110bc8d5bd2ec78f7c3750113d752f11f72,Brenda Harvey,https://i.pravatar.cc/150?u=0cf00e97,+18747578714,US/Pacific,False,True,en,dark,2026-03-28T10:14:22.922923
9d990953-1d48-4691-9104-88f3d84dc63c,matthew_harris46@work.org,ac92ec82276f7eef9e173b747129f5ba93c97a7ff78fd47e48df5b9eb17ec3a6,Matthew Harris,https://i.pravatar.cc/150?u=904f5876,+13765670844,Asia/Tokyo,False,True,en,system,2025-05-16T05:30:49.922960
eb9f903e-4cd4-462b-9c0c-0720da83cfc0,ruth.gray@gmail.com,6de2c2c195715cbe72b3ed59f0b01be1ddd00a02d35c30addabe09a2992c3104,Ruth Gray,https://i.pravatar.cc/150?u=58d542d1,+14303329764,US/Eastern,False,True,en,dark,2026-05-24T12:24:07.922998
63c904bb-37e1-42e9-b828-03d273915302,karen.simmons@company.com,69b2520d3d1107a4b7383489fb89d857be42e48904ac4f991eaadf6391049aae,Karen Simmons,https://i.pravatar.cc/150?u=77a4dc89,+15590711152,UTC,False,True,en,light,2025-07-25T18:06:14.923036
f6c1513d-8b13-441d-98bb-1a986c21400d,jeremy_tucker@yahoo.com,d54058f68484f8a13f9391105c5955ffc9d1062f566f4c729f21dc2189e9e15e,Jeremy Tucker,https://i.pravatar.cc/150?u=427443d7,+13627677155,US/Pacific,True,True,en,dark,2025-11-24T18:42:29.923091
96bb061b-9355-4d14-bab8-c5b59a63ac2a,vincentwallace@work.org,c5c46f211ae10028350a562b59eaf94fc0e7c3138faf921b882541583c15d552,Vincent Wallace,https://i.pravatar.cc/150?u=28bef153,+12815605132,US/Eastern,False,True,en,system,2025-04-08T14:43:29.923130
8ae3dae5-38cd-4160-84ef-5c590af0066c,joseph_gonzalez@company.com,b769949bf6c24d9b2fe1322ec099ce1eaeadb3ea2cde427a988538f491714dbb,Joseph Gonzalez,https://i.pravatar.cc/150?u=17c43418,+12676168421,Europe/London,False,False,en,light,2025-04-17T00:58:17.923167
0d1a00d8-532c-48b5-a0d5-e8f37068b7e8,sarah.stewart@hotmail.com,2c5d39c62b406f549d2d39d5945ca1034c60ac56e667d37663b657d71adb6fca,Sarah Stewart,https://i.pravatar.cc/150?u=2c9f7041,+18781405699,UTC,False,True,en,dark,2026-07-25T14:49:32.923205
fd2fd60f-404e-41a6-95e7-9a06e7913261,ericevans@work.org,139765a296b6c83cf5d9a04ff8160722d6c3643c115fc015f0627d748a23939a,Eric Evans,https://i.pravatar.cc/150?u=af2427a6,+13140805649,US/Eastern,False,True,en,dark,2026-05-19T14:49:06.923242
38b1938d-3cd4-479f-8f9c-d5fc4c1dd8fd,randy_jackson@gmail.com,b637b810f357fa35ccf2771e7e7d0b926dbffe05fd37c6fc7f16f0ca186c214b,Randy Jackson,https://i.pravatar.cc/150?u=2cc7e773,+16278201677,UTC,False,True,en,system,2025-11-03T08:07:46.923286
eaf0989b-5b56-4b72-9a32-2711e9c394ff,rachel_moore@yahoo.com,679bc7028598b045d3a924ee7c3fa7e548f13b3a4788c1433692befa60af9e50,Rachel Moore,https://i.pravatar.cc/150?u=841c3ec9,+18176955680,Europe/London,False,True,en,system,2026-07-31T03:35:30.923335
5b11e466-caa2-4b0d-ad40-becd33c6cbc2,willieblack@outlook.com,785b99b078563d261e4ee0260e006d43f2113ac9b85e3dbe8eb6c0d1cfe07460,Willie Black,https://i.pravatar.cc/150?u=24ea6e9b,+13135872495,UTC,False,True,en,light,2025-11-10T13:33:55.923380
a3b11eec-7159-4649-ad03-75eeb3c9b04f,jesse_turner@work.org,f5642f83840250238158c2bbc32da8ab812320c1eb2d4dfb446357d95e9bcbc4,Jesse Turner,https://i.pravatar.cc/150?u=514e7a32,+19018998569,US/Central,False,True,en,dark,2025-03-29T06:40:02.923423
968afaab-9fc3-43d8-aea9-de1b0845fb8c,gabriel.henderson1@outlook.com,8999b9d336efd4703a07bc48e1435184f75c59a629b4efc4ced91eae2ac2ff4c,Gabriel Henderson,https://i.pravatar.cc/150?u=16390dbe,+15311931853,Europe/Berlin,False,True,en,light,2026-05-03T23:23:34.923467
af8ae744-eaf6-49a6-9c7f-4f4aa9e503ee,philip.barnes@company.com,f7517f51d9aab5305258cd95da4f0d155fe141683b05a90bfae74e0d9d161500,Philip Barnes,https://i.pravatar.cc/150?u=786d08e2,+19262873961,US/Eastern,False,True,en,dark,2025-07-06T18:57:18.923522
638bfc6a-5a8b-4bf8-9f66-0c0d0744f19a,steven_hernandez6@outlook.com,6e450076a0981caf7f2f99473f22025e22a74b5e30a1a0d72aaba77845ff47e2,Steven Hernandez,https://i.pravatar.cc/150?u=b8124280,+17197239148,US/Eastern,False,True,en,dark,2026-03-29T01:54:16.923579
af8e7df9-9ce7-4499-ab19-610e813af04b,marie.flores23@yahoo.com,ab0b9bbbc91775513cc2cd0d005048cd0836abaafc44bce32a1deb8354fbcbab,Marie Flores,https://i.pravatar.cc/150?u=e823af38,+12106456634,Europe/Berlin,False,True,en,dark,2025-10-17T13:01:15.923636
ba4c6a8d-6e78-4532-82ad-fccefbf8ab96,kenneth.ramirez@hotmail.com,19c1b0bc134c57e80982ad26189e375a67833a55b14807e08e059aa3e4a28c24,Kenneth Ramirez,https://i.pravatar.cc/150?u=441c9ca0,+17152126064,US/Pacific,False,True,en,light,2025-09-21T04:10:06.923667
aabd8828-4992-4138-a82c-82d2ace3e408,albert_roberts@hotmail.com,7fa7a8c296d291bc545ee00fd432396a1d64123d04762399d33c02c19aa89e25,Albert Roberts,https://i.pravatar.cc/150?u=8ec6a1d0,+13198832728,Europe/Berlin,False,True,en,system,2026-01-10T04:18:42.923695
b7d19994-038b-4dbe-8e38-5141d55ae804,sandragutierrez@yahoo.com,0b13d6c462edd7a08527acfdc1126660733c3079167ed4c7652ebd2d427c3d21,Sandra Gutierrez,https://i.pravatar.cc/150?u=027a51d6,+16760552700,US/Pacific,False,True,en,dark,2026-07-13T07:31:02.923726
1f4e14bd-50ce-450c-ab7d-5e06108ba712,jerry_warren@yahoo.com,5169b586b7c4f2da54266d86986926f01142f155da32018531df7041a4e404cc,Jerry Warren,https://i.pravatar.cc/150?u=c60654ec,+13872852789,Europe/London,False,True,en,system,2025-08-25T16:34:04.923837
fc5f1462-0be4-4ddf-81a8-aa82b5148124,henry_moore80@work.org,0210a7241c3ed4abbe6aed34bdb6457dcf3d495dfccade25f88219a0eb9ad9f1,Henry Moore,https://i.pravatar.cc/150?u=751051e2,+19144194790,UTC,False,True,en,dark,2026-07-09T14:34:03.923881
64557d9f-67a1-4513-b6da-e641464f66bb,willie_sullivan90@outlook.com,1161eaa367c0636b0942222d871f0abd9af45526485aa0f5bb3bb7b7b86e0cd6,Willie Sullivan,https://i.pravatar.cc/150?u=e0f25b9a,+14381183483,US/Eastern,False,True,en,dark,2025-08-03T01:43:01.923910
a669f01c-9d90-47fe-b1f8-79740e2b0070,saracox1@hotmail.com,59ceb2cea845a1987b11dea41ce1041f819220f59214842825c8f918b63b1297,Sara Cox,https://i.pravatar.cc/150?u=bf9301c8,+13232285036,US/Pacific,False,True,en,system,2025-12-31T20:14:11.923938
20c3bda5-fea6-4ea8-a48c-7cd0305cde2d,victoria.simmons66@work.org,67a49535e1e844cd23df8cee9b99ea9722f074a46021de3706e04011c3636194,Victoria Simmons,https://i.pravatar.cc/150?u=936bd2e8,+19704034869,Asia/Tokyo,False,True,en,system,2025-05-02T13:38:21.923972
8c0e1935-13b5-4990-a8a3-0be81dad1a78,cheryl.carroll@outlook.com,40776ca5f4152be9c784c034a7c2f30e9bdf02bea3850955e889e6da7e529510,Cheryl Carroll,https://i.pravatar.cc/150?u=bb971d4f,+14889635392,US/Eastern,False,True,en,light,2025-03-02T04:59:22.924000
56bbe842-f0da-4e30-a46c-38025bfb382e,gary.bryant59@company.com,7ef551755ec1e68758b030d065fef220c7342487b75a72bf0951ec892c3dfe30,Gary Bryant,https://i.pravatar.cc/150?u=77cde71d,+14472487690,Europe/Berlin,False,True,en,dark,2026-03-21T12:11:24.924028
4a7a2306-6666-4f6b-9b4e-18f69f445d60,donna_johnson@gmail.com,8f803f113869fd7ed3e0005d9aa80afa14adf385a36a6a0933964e21b422d225,Donna Johnson,https://i.pravatar.cc/150?u=cc7cacb5,+19748592826,Europe/Berlin,False,True,en,light,2025-10-18T07:43:31.924059
fdbc7119-6732-45ab-9136-cb056076a38a,peterwright@hotmail.com,35e564b3deea7cf88b608ee811f45398128e79125c5d9144deca2f72c300e0ce,Peter Wright,https://i.pravatar.cc/150?u=f51b1072,+14557448229,Asia/Tokyo,False,True,en,system,2026-07-06T18:50:38.924088
d7b70429-3c34-4940-81f0-2fd516ab47cb,geraldpatterson61@yahoo.com,7e54400344272bb1df7ded11c96d3fcea104f1eb33d79a92185ede9399d56b3e,Gerald Patterson,https://i.pravatar.cc/150?u=c8d07e62,+17408186527,US/Eastern,False,True,en,dark,2026-07-23T20:57:02.924117
a3cb50e2-619e-40b9-82fa-b0ae6c6c06ca,bruce_morris@outlook.com,93fd5cbc2dc9d0f4cf7ec88a10ce5b4eb0ef4f078fcc896a1c2b787c515bd543,Bruce Morris,https://i.pravatar.cc/150?u=be99f61d,+13227193073,US/Central,False,True,en,system,2025-04-28T08:20:41.924146
ae300c2a-88df-4b79-b08f-dabbd0efed46,joshuareyes@hotmail.com,b032158b4d6aa1aa9b8bdb7a429d2c914d320c24303d7be4556a2dce28b62956,Joshua Reyes,https://i.pravatar.cc/150?u=b47b70a5,+12918920620,US/Pacific,False,True,en,system,2026-05-28T18:26:41.924178
126bc002-0870-4341-a019-6dbae3d39a09,jessica_evans@hotmail.com,d5559c97d204f8c6f5fe6b776976be9724cd9becaf4351897f08c3d42a88244f,Jessica Evans,https://i.pravatar.cc/150?u=ed9b005e,+16378856390,Asia/Tokyo,False,True,en,dark,2025-02-11T16:06:50.924209
c74050eb-0b79-4cba-8d19-adf0d3e0b9db,scottjimenez@hotmail.com,ed60e6e5567c8a3abdc5e8f545459fe9359b1c70689dfabd4e7ed20c28c39252,Scott Jimenez,https://i.pravatar.cc/150?u=65873fe0,+18640587681,Europe/London,False,True,en,dark,2025-09-17T13:14:39.924237
73a569a6-1e94-43c5-ab7e-31c0c0b2a6fb,virginia_harvey@gmail.com,5e403f167775f6d4bc617e0c733548afedc86f0f142108ad1521596183344680,Virginia Harvey,https://i.pravatar.cc/150?u=ed9082a8,+19211859475,US/Pacific,False,True,en,light,2026-08-05T04:17:19.924269
c5b0aadb-faf1-42c1-9dd1-d8c4c6bf6834,tylerdean@company.com,feed2aa1227f2a0c7b95ee4f3b7724e0a4144e7fe0bccaaac860ed9e9b3d828a,Tyler Dean,https://i.pravatar.cc/150?u=53441f74,+14760588734,US/Eastern,False,True,en,light,2025-03-28T12:46:44.924296
02aa60b8-30fa-45cc-90ce-706799bfffeb,maria_wood42@yahoo.com,0e53a79ce523c0207764e4f70fe2c71858e84c7ec155b010dc6c65af04d581f9,Maria Wood,https://i.pravatar.cc/150?u=bdcaf0a1,+19564423989,US/Pacific,False,True,en,dark,2025-10-21T06:17:20.924324
c7ad0281-d620-4eef-92e6-7a52117c0a8e,noahjones7@work.org,e0528c84d6b1021a0ec8db950b58dc6f41d4e320f3d8d8dee0a3bc031df58e74,Noah Jones,https://i.pravatar.cc/150?u=c2e65bcf,+17257994151,UTC,False,True,en,system,2025-03-18T04:26:12.924351
056273a6-60a0-4f5f-96b3-0a1f9b494aa8,amyphillips@gmail.com,7e6ec7d01df9382c3c5ce1b3fbcef1972ecaa52d7c6b46a95ee0d270fbe3558a,Amy Phillips,https://i.pravatar.cc/150?u=68712bf0,+12542114964,Europe/Berlin,False,True,en,light,2026-05-27T12:38:11.924379
d3f2a2a5-f425-4786-ac66-99c3ddb5fe75,howardpatel@yahoo.com,9c8494b83810ab752d277a5d61e7e445b98aa47352c00cf7e50a3192b3204545,Howard Patel,https://i.pravatar.cc/150?u=4338726a,+15085320828,Asia/Tokyo,False,True,en,dark,2025-05-27T00:22:34.924406
3a7a726c-307e-4e71-8d43-f4ec0d020101,michaelrichardson49@company.com,9e8c4a8bd098bfc82672e0095fbea5c675db4311f99a10275edc1707629ff7cb,Michael Richardson,https://i.pravatar.cc/150?u=6bd40480,+12851819913,Europe/London,False,True,en,system,2025-10-11T07:01:01.924433
4f5c97d1-2a5a-4459-bb2c-75d59167674a,vincentcox@work.org,4a77716ee1913ec32d9a4e52293caeb9f0c1ab0e4971711a0378d0fe4ea10acf,Vincent Cox,https://i.pravatar.cc/150?u=7b3b5b67,+15361393222,US/Central,False,True,en,system,2026-02-19T05:49:03.924460
77216429-0c61-4206-8455-fea64c0b6917,andrea_mendoza@gmail.com,4d55797f7f7d1da94368312d84c80de4194a6fe426fef96ae0368521347cd483,Andrea Mendoza,https://i.pravatar.cc/150?u=20ef2c61,+18156936113,US/Central,False,True,en,dark,2025-07-11T19:09:45.924487
70a1a11d-5ed0-4a43-ae45-a3d2f63e8213,amanda_hart@work.org,36103c2cc7b01737e7db45ce2b617361cd1d292eb44beafbf2ec65dccbd0893c,Amanda Hart,https://i.pravatar.cc/150?u=20343ccd,+15327059683,US/Pacific,False,True,en,system,2025-11-06T15:02:30.924514
793561a3-4c41-4b4b-9ec6-6527903d3e02,gary_thompson32@outlook.com,e5478fa91473897776fbfa76f638642a796faa6d63839756b613a0795f11fe98,Gary Thompson,https://i.pravatar.cc/150?u=9e3d68a7,+18742452886,Europe/Berlin,False,True,en,light,2026-06-26T15:08:25.924546
40fd4c0b-aaa5-4aad-9d10-5269ef1b800f,george_harvey34@yahoo.com,3d42eb16d555945497984860ef4ad0825cdc6bbd20427aed649abbcd90e9a9b9,George Harvey,https://i.pravatar.cc/150?u=5467a43c,+17496091337,Europe/London,False,True,en,dark,2025-02-15T22:07:00.924573
e6daabab-f289-47f2-91c8-de431d5400de,timothyperez53@yahoo.com,b510b6285f08805c5e7ffb4cddbd7cb504593eddc418da9f941315f37431156b,Timothy Perez,https://i.pravatar.cc/150?u=9e098f5d,+18679430948,US/Eastern,False,True,en,system,2026-06-22T19:37:28.924603
b0e0e9fd-ef8b-47d5-b426-0e52c2535506,john.white@outlook.com,6e42d2ca37695f39ebeecee7f85d260fcbca139da9581263cb2db0cad82a6e15,John White,https://i.pravatar.cc/150?u=606e2c6d,+13044987715,Europe/Berlin,False,True,en,dark,2026-08-02T15:49:21.924637
e4a0f782-d61b-4052-849d-5679c682e6e0,nathan_rose90@outlook.com,f1069c3778b9381bc7d47991f648c7187141af30d1e36c5724652926935e57be,Nathan Rose,https://i.pravatar.cc/150?u=c9f32ce7,+13163577186,US/Central,False,True,en,system,2025-08-21T14:47:44.924664
e52849ba-01bf-4e30-a6ad-e02749ff23a9,donald.mason@work.org,3d479863233af33ab0ff7e86ae8794abc6fa16567f76b0286e64295de7f389df,Donald Mason,https://i.pravatar.cc/150?u=c726c896,+15172282824,US/Central,False,True,en,system,2025-11-21T06:58:01.924692
7d137f66-8604-40bf-ba81-6af4667de5ac,deborah_ramos23@yahoo.com,5b3c4a891fdbefc52efbfded422631bb6fdc5bed73cc32696a62ee477bc96104,Deborah Ramos,https://i.pravatar.cc/150?u=18562467,+16355734053,Europe/London,False,True,en,light,2025-04-01T23:27:14.924719
1773f9d2-3516-4ff5-9acc-3b6a7b2ce872,justin_allen@work.org,124c6c2ddee3e56c6a2bcc509ba2f1e22bdee9728c9432f7876f4f6876acad52,Justin Allen,https://i.pravatar.cc/150?u=f76195cd,+14465587067,US/Pacific,False,True,en,dark,2025-08-12T05:10:39.924750
ded2cebc-b69e-4191-9d44-4929e9d428d1,nicholas.alexander52@gmail.com,84652367c0b5035c24cab5ed722cff8844097c97a836bfe7b43cce4de20893ed,Nicholas Alexander,https://i.pravatar.cc/150?u=aac2febd,+16613147799,Europe/Berlin,False,True,en,light,2025-07-07T23:47:57.924781
46cb662a-e863-4194-99df-ab55ff22701c,nicole.perez72@yahoo.com,e92596d8c3de5004160fed2796c811dcea0d4d739f544c4edfe626d1b5ad3f87,Nicole Perez,https://i.pravatar.cc/150?u=8c386623,+18899081771,Asia/Tokyo,False,True,en,system,2026-03-01T19:42:34.924808
34cd9ae9-7de1-4193-9109-53462c16ece9,victoria_kim@company.com,f9756164c98374a66bf43e10cd1f53205ef8d1c2b4a03908082b4f8ad5c4adbc,Victoria Kim,https://i.pravatar.cc/150?u=938bdbdc,+14667292043,Europe/London,False,True,en,light,2025-09-06T02:04:52.924847
e16f7e8e-9f87-481c-a95f-799224a1dd30,jason.ortiz@work.org,9fec9db53cb37a436e91c43367c38fac39d1d2c2817af5bc7c112d84ee11421d,Jason Ortiz,https://i.pravatar.cc/150?u=5f4cd5c6,+17041490809,UTC,False,True,en,dark,2026-05-13T00:55:37.924874
0002ada9-8f33-49a6-b9b4-7aa4a8a79084,noah.howard@gmail.com,5e6738e32aa084faebc1e3c5e66cd2d492f1435e48b05a89951e51d825d3af08,Noah Howard,https://i.pravatar.cc/150?u=dd06ce86,+17509233458,Asia/Tokyo,False,True,en,system,2025-10-02T12:56:20.924902
02fc8d0f-48ca-4ab5-95da-9f2f51d44e5b,bruce.stone@work.org,e02ccd2ce632f3c93ea617fce8fbf87a2bb1cc776d3b363fec9d72e7a71e2890,Bruce Stone,https://i.pravatar.cc/150?u=04e18abf,+14338877621,Europe/Berlin,False,True,en,dark,2025-06-30T05:54:24.924929
ece82b98-28d8-4c7e-94ba-1bb820731ba5,jessicanelson@outlook.com,e3ef142ef06e88b4a54e8db314e181279d0eca5c85a0abd604bab4e7580a8663,Jessica Nelson,https://i.pravatar.cc/150?u=9208280d,+15956491798,US/Pacific,False,True,en,system,2025-12-13T17:57:42.924955
a120de43-c4d0-46d0-8c1a-3b6044216650,anna_webb@company.com,ebdac120e7624b052e28d86b981dd717d6529ff074d48ef7ec911638b7f0443c,Anna Webb,https://i.pravatar.cc/150?u=5ebd30fe,+14568547910,US/Pacific,False,True,en,system,2025-10-19T04:14:55.924981
de2d46fb-a956-4b96-bc60-115ccf0715a6,nancycollins@work.org,fcb3004230e4a5b7f40e037b96465dab7aa7414a23a8304911dc410805b7e894,Nancy Collins,https://i.pravatar.cc/150?u=4eaba65b,+19182394708,US/Central,False,True,en,light,2026-06-01T22:12:06.925008
b76f0d06-487f-4c14-97a4-859d3404b661,logan.simmons75@outlook.com,4e87331efcede94f0ee6bb21a593307697cbeb5a7c5b44a4232904fa64273d4a,Logan Simmons,https://i.pravatar.cc/150?u=4b404d4b,+19021346884,US/Pacific,False,True,en,dark,2026-01-27T18:10:28.925035
bebdbef1-3be2-4351-a13f-43e46af2a5a2,christine.chavez21@work.org,cad82c1c4487a39e5af69f983d6153c9636dfbd62d07ffc240802213318bf87a,Christine Chavez,https://i.pravatar.cc/150?u=ac228d4c,+18062969502,US/Pacific,False,True,en,dark,2025-03-14T19:51:59.925062
8c00e028-41da-4e2c-91bf-e06c6f74595b,daniel_watson15@outlook.com,c295f1222ba3829d3d72c7b1f3ee7a0bcfccb5de45c4a480e01d1474cb22decf,Daniel Watson,https://i.pravatar.cc/150?u=dc911234,+19838002637,UTC,False,True,en,system,2026-05-24T18:21:10.925088
